Workbook

Sheet testdata
A1: ParticipantID | B1: Researcher | C1: Table.citation | D1: Lab | E1: Country | F1: Condition | G1: Targetword | H1: A_period.1.coder1 | I1: B_period.1.coder1 | J1: C_period.1.coder1 | K1: A_period.1.coder2 | L1: B_period.1.coder2 | M1: C_period.1.coder2 | N1: A_period.1.final | O1: B_period.1.final | P1: C_period.1.final | Q1: sum.of.ABC_period.1.final | R1: A_period.2.coder1 | S1: B_period.2.coder1 | T1: C_period.2.coder1 | U1: A_period.2.coder2 | V1: B_period.2.coder2 | W1: C_period.2.coder2 | X1: A_period.2.final | Y1: B_period.2.final | Z1: C_period.2.final | AA1: sum.ABC_period2.final | AB1: Percentage.round.1 | AC1: Percentage.round.2 | AD1: probe.coder1 | AE1: probe.coder2 | AF1: probe.final | AG1: MC | AH1: age | AI1: gender | AJ1: Compliance
A2: 201 | B2: Sandra Arbula | C2: Pasti et al. | D2: International School for Advanced Studies | E2: Italy | F2: 2 | G2: 2 | H2: 0 | I2: 2 | J2: 3 | K2: 0 | L2: 2 | M2: 3 | N2: 0 | O2: 2 | P2: 3 | Q2: =SUM(N2,O2,P2) -> 5 | R2: 0 | S2: 3 | T2: 1 | U2: 0 | V2: 3 | W2: 1 | X2: 0 | Y2: 3 | Z2: 1 | AA2: =SUM(X2,Y2,Z2) -> 4 | AD2: 0 | AE2: 0 | AF2: 0 | AG2: 1 | AH2: 22 | AI2: 2 | AJ2: 1
A3: 202 | B3: Sandra Arbula | C3: Pasti et al. | D3: International School for Advanced Studies | E3: Italy | F3: 1 | G3: 2 | H3: 1 | I3: 1 | J3: 12 | K3: 1 | L3: 1 | M3: 12 | N3: 1 | O3: 1 | P3: 12 | Q3: =SUM(N3,O3,P3) -> 14 | R3: 1 | S3: 1 | T3: 10 | U3: 1 | V3: 1 | W3: 10 | X3: 1 | Y3: 1 | Z3: 10 | AA3: =SUM(X3,Y3,Z3) -> 12 | AD3: 0 | AE3: 0 | AF3: 0 | AG3: 2 | AH3: 31 | AI3: 2 | AJ3: 1
A4: 203 | B4: Sandra Arbula | C4: Pasti et al. | D4: International School for Advanced Studies | E4: Italy | F4: 2 | G4: 1 | H4: 0 | I4: 5 | J4: 1 | K4: 0 | L4: 5 | M4: 1 | N4: 0 | O4: 5 | P4: 1 | Q4: =SUM(N4,O4,P4) -> 6 | R4: 0 | S4: 2 | T4: 0 | U4: 0 | V4: 2 | W4: 0 | X4: 0 | Y4: 2 | Z4: 0 | AA4: =SUM(X4,Y4,Z4) -> 2 | AD4: 0 | AE4: 0 | AF4: 0 | AG4: 1 | AH4: 24 | AI4: 1 | AJ4: 1
A5: 204 | B5: Sandra Arbula | C5: Pasti et al. | D5: International School for Advanced Studies | E5: Italy | F5: 1 | G5: 1 | H5: 0 | I5: 7 | J5: 2 | K5: 0 | L5: 7 | M5: 2 | N5: 0 | O5: 7 | P5: 2 | Q5: =SUM(N5,O5,P5) -> 9 | R5: 0 | S5: 2 | T5: 21 | U5: 0 | V5: 2 | W5: 21 | X5: 0 | Y5: 2 | Z5: 21 | AA5: =SUM(X5,Y5,Z5) -> 23 | AD5: 0 | AE5: 0 | AF5: 0 | AG5: 2 | AH5: 29 | AI5: 1 | AJ5: 1
A6: 205 | B6: Sandra Arbula | C6: Pasti et al. | D6: International School for Advanced Studies | E6: Italy | F6: 2 | G6: 3 | H6: 9 | I6: 0 | J6: 0 | K6: 9 | L6: 0 | M6: 0 | N6: 9 | O6: 0 | P6: 0 | Q6: =SUM(N6,O6,P6) -> 9 | R6: 0 | S6: 3 | T6: 5 | U6: 0 | V6: 3 | W6: 5 | X6: 0 | Y6: 3 | Z6: 5 | AA6: =SUM(X6,Y6,Z6) -> 8 | AD6: 0 | AE6: 0 | AF6: 0 | AG6: 1 | AH6: 32 | AI6: 1 | AJ6: 1
A7: 206 | B7: Sandra Arbula | C7: Pasti et al. | D7: International School for Advanced Studies | E7: Italy | F7: 1 | G7: 3 | H7: 0 | I7: 3 | J7: 2 | K7: 0 | L7: 3 | M7: 2 | N7: 0 | O7: 3 | P7: 2 | Q7: =SUM(N7,O7,P7) -> 5 | R7: 1 | S7: 3 | T7: 2 | U7: 1 | V7: 3 | W7: 2 | X7: 1 | Y7: 3 | Z7: 2 | AA7: =SUM(X7,Y7,Z7) -> 6 | AD7: 0 | AE7: 0 | AF7: 0 | AG7: 2 | AH7: 21 | AI7: 1 | AJ7: 1
A8: 207 | B8: Sandra Arbula | C8: Pasti et al. | D8: International School for Advanced Studies | E8: Italy | F8: 2 | G8: 4 | H8: 0 | I8: 10 | J8: 0 | K8: 0 | L8: 10 | M8: 0 | N8: 0 | O8: 10 | P8: 0 | Q8: =SUM(N8,O8,P8) -> 10 | R8: 0 | S8: 3 | T8: 0 | U8: 0 | V8: 3 | W8: 0 | X8: 0 | Y8: 3 | Z8: 0 | AA8: =SUM(X8,Y8,Z8) -> 3 | AD8: 0 | AE8: 0 | AF8: 0 | AG8: 1 | AH8: 23 | AI8: 2 | AJ8: 1
A9: 208 | B9: Sandra Arbula | C9: Pasti et al. | D9: International School for Advanced Studies | E9: Italy | F9: 1 | G9: 4 | H9: 0 | I9: 3 | J9: 4 | K9: 0 | L9: 3 | M9: 4 | N9: 0 | O9: 3 | P9: 4 | Q9: =SUM(N9,O9,P9) -> 7 | R9: 3 | S9: 3 | T9: 3 | U9: 3 | V9: 3 | W9: 3 | X9: 3 | Y9: 3 | Z9: 3 | AA9: =SUM(X9,Y9,Z9) -> 9 | AD9: 0 | AE9: 0 | AF9: 0 | AG9: 2 | AH9: 22 | AI9: 2 | AJ9: 1
A10: 209 | B10: Sandra Arbula | C10: Pasti et al. | D10: International School for Advanced Studies | E10: Italy | F10: 2 | G10: 2 | H10: 4 | I10: 3 | J10: 1 | K10: 4 | L10: 3 | M10: 1 | N10: 4 | O10: 3 | P10: 1 | Q10: =SUM(N10,O10,P10) -> 8 | R10: 0 | S10: 1 | T10: 3 | U10: 0 | V10: 1 | W10: 3 | X10: 0 | Y10: 1 | Z10: 3 | AA10: =SUM(X10,Y10,Z10) -> 4 | AD10: 0 | AE10: 0 | AF10: 0 | AG10: 1 | AH10: 29 | AI10: 2 | AJ10: 1
A11: 210 | B11: Sandra Arbula | C11: Pasti et al. | D11: International School for Advanced Studies | E11: Italy | F11: 1 | G11: 2 | H11: 2 | I11: 0 | J11: 10 | K11: 2 | L11: 0 | M11: 10 | N11: 2 | O11: 0 | P11: 10 | Q11: =SUM(N11,O11,P11) -> 12 | R11: 4 | S11: 0 | T11: 18 | U11: 4 | V11: 0 | W11: 18 | X11: 4 | Y11: 0 | Z11: 18 | AA11: =SUM(X11,Y11,Z11) -> 22 | AD11: 0 | AE11: 0 | AF11: 0 | AG11: 2 | AH11: 22 | AI11: 2 | AJ11: 1
A12: 211 | B12: Sandra Arbula | C12: Pasti et al. | D12: International School for Advanced Studies | E12: Italy | F12: 2 | G12: 1 | H12: 0 | I12: 4 | J12: 3 | K12: 0 | L12: 4 | M12: 3 | N12: 0 | O12: 4 | P12: 3 | Q12: =SUM(N12,O12,P12) -> 7 | R12: 0 | S12: 5 | T12: 1 | U12: 0 | V12: 5 | W12: 1 | X12: 0 | Y12: 5 | Z12: 1 | AA12: =SUM(X12,Y12,Z12) -> 6 | AD12: 0 | AE12: 0 | AF12: 0 | AG12: 1 | AH12: 19 | AI12: 2 | AJ12: 1
A13: 212 | B13: Sandra Arbula | C13: Pasti et al. | D13: International School for Advanced Studies | E13: Italy | F13: 1 | G13: 1 | H13: 0 | I13: 7 | J13: 2 | K13: 0 | L13: 7 | M13: 2 | N13: 0 | O13: 7 | P13: 2 | Q13: =SUM(N13,O13,P13) -> 9 | R13: 1 | S13: 19 | T13: 20 | U13: 1 | V13: 19 | W13: 20 | X13: 1 | Y13: 19 | Z13: 20 | AA13: =SUM(X13,Y13,Z13) -> 40 | AD13: 0 | AE13: 0 | AF13: 0 | AG13: 2 | AH13: 25 | AI13: 2 | AJ13: 1
A14: 213 | B14: Sandra Arbula | C14: Pasti et al. | D14: International School for Advanced Studies | E14: Italy | F14: 2 | G14: 3 | H14: 0 | I14: 5 | J14: 2 | K14: 0 | L14: 5 | M14: 2 | N14: 0 | O14: 5 | P14: 2 | Q14: =SUM(N14,O14,P14) -> 7 | R14: 0 | S14: 0 | T14: 0 | U14: 0 | V14: 0 | W14: 0 | X14: 0 | Y14: 0 | Z14: 0 | AA14: =SUM(X14,Y14,Z14) -> 0 | AD14: 0 | AE14: 0 | AF14: 0 | AG14: 1 | AH14: 26 | AI14: 1 | AJ14: 1

Sheet Data cleaning notes
A1: Data collection ended prematurely.
A2: formula sum period 1 was wrong (4 columns); changed to 3 column sum

Sheet summarystats
A1: Correct responses
B2: Concentration | C2: Suppression
A3: High time pressure | B3: =AVERAGEIF(testdata!$F$2:$F$7, "Concentration", testdata!#REF!) -> #REF! | C3: =AVERAGEIF(testdata!$F$2:$F$7, "Suppression", testdata!#REF!) -> #REF!
A4: Low time pressure | B4: =AVERAGEIF(testdata!$F$2:$F$7, "Concentration", testdata!#REF!) -> #REF! | C4: =AVERAGEIF(testdata!$F$2:$F$7, "Suppression", testdata!#REF!) -> #REF!
A6: RT responses
B7: Concentration | C7: Suppression
A8: High time pressure | B8: =AVERAGEIF(testdata!$F$2:$F$7, "Concentration", testdata!#REF!) -> #REF! | C8: =AVERAGEIF(testdata!$F$2:$F$7, "Suppression", testdata!#REF!) -> #REF!
A9: Low time pressure | B9: =AVERAGEIF(testdata!$F$2:$F$7, "Concentration", testdata!#REF!) -> #REF! | C9: =AVERAGEIF(testdata!$F$2:$F$7, "Suppression", testdata!#REF!) -> #REF!
