Workbook

Sheet testdata
A1: Participant ID | B1: Researcher | C1: Lab | D1: Country | E1: Condition | F1: Target word | G1: Time pressure order | H1: target.low1.coder1 | I1: target.low2.coder1 | J1: target.high1.coder1 | K1: target.high2.coder1 | L1: nontarget.low1.coder1 | M1: nontarget.low2.coder1 | N1: nontarget.high1.coder1 | O1: nontarget.high2.coder1 | P1: target.low1.coder2 | Q1: target.low2.coder2 | R1: target.high1.coder2 | S1: target.high2.coder2 | T1: nontarget.low1.coder2 | U1: nontarget.low2.coder2 | V1: nontarget.high1.coder2 | W1: nontarget.high2.coder2 | X1: target.low1.final | Y1: target.low2.final | Z1: target.high1.final | AA1: target.high2.final | AB1: nontarget.low1.final | AC1: nontarget.low2.final | AD1: nontarget.high1.final | AE1: nontarget.high2.final | AF1: mean.target.low | AG1: mean.target.high | AH1: mean.nontarget.low | AI1: mean.nontarget.high | AJ1: probe.coder1 | AK1: probe.coder2 | AL1: probe.final | AM1: MC | AN1: age | AO1: gender | AP1: Compliance
A2: 121 | B2: Siegfried Dewitte | C2: Katholieke Universiteit Leuven | D2: Belgium | E2: 1 | F2: 2 | G2: 2 | H2: 0 | I2: 1 | J2: 0 | K2: 0 | L2: 0 | M2: 1 | N2: 0 | O2: 1 | P2: 0 | Q2: 1 | R2: 0 | S2: 0 | T2: 0 | U2: 1 | V2: 0 | W2: 1 | X2: 0 | Y2: 1 | Z2: 0 | AA2: 0 | AB2: 0 | AC2: 1 | AD2: 0 | AE2: 1 | AF2: =AVERAGE(X2:Y2) -> 0.5 | AG2: =AVERAGE(Z2:AA2) -> 0 | AH2: =AVERAGE(AB2:AC2) -> 0.5 | AI2: =AVERAGE(AD2:AE2) -> 0.5 | AJ2: 0 | AK2: 0 | AL2: 0 | AM2: 2 | AN2: 24 | AO2: 1 | AP2: 1
A3: 122 | B3: Siegfried Dewitte | C3: Katholieke Universiteit Leuven | D3: Belgium | E3: 2 | F3: 2 | G3: 1 | H3: 1 | I3: 0 | J3: 1 | K3: 0 | L3: 1 | M3: 0 | N3: 1 | O3: 0 | P3: 1 | Q3: 0 | R3: 1 | S3: 0 | T3: 1 | U3: 0 | V3: 1 | W3: 0 | X3: 1 | Y3: 0 | Z3: 1 | AA3: 0 | AB3: 1 | AC3: 0 | AD3: 1 | AE3: 0 | AF3: =AVERAGE(X3:Y3) -> 0.5 | AG3: =AVERAGE(Z3:AA3) -> 0.5 | AH3: =AVERAGE(AB3:AC3) -> 0.5 | AI3: =AVERAGE(AD3:AE3) -> 0.5 | AJ3: 0 | AK3: 0 | AL3: 0 | AM3: 1 | AN3: 20 | AO3: 1 | AP3: 1
A4: 123 | B4: Siegfried Dewitte | C4: Katholieke Universiteit Leuven | D4: Belgium | E4: 2 | F4: 4 | G4: 1 | H4: 0 | I4: 0 | J4: 0 | K4: 0 | L4: 0 | M4: 0 | N4: 0 | O4: 0 | P4: 0 | Q4: 0 | R4: 0 | S4: 0 | T4: 0 | U4: 0 | V4: 0 | W4: 0 | X4: 0 | Y4: 0 | Z4: 0 | AA4: 0 | AB4: 0 | AC4: 0 | AD4: 0 | AE4: 0 | AF4: =AVERAGE(X4:Y4) -> 0 | AG4: =AVERAGE(Z4:AA4) -> 0 | AH4: =AVERAGE(AB4:AC4) -> 0 | AI4: =AVERAGE(AD4:AE4) -> 0 | AJ4: 0 | AK4: 0 | AL4: 0 | AM4: 1 | AN4: 31 | AO4: 1 | AP4: 1
A5: 124 | B5: Siegfried Dewitte | C5: Katholieke Universiteit Leuven | D5: Belgium | E5: 2 | F5: 1 | G5: 2 | H5: 1 | I5: 0 | J5: 0 | K5: 0 | L5: 0 | M5: 0 | N5: 0 | O5: 0 | P5: 1 | Q5: 0 | R5: 0 | S5: 0 | T5: 0 | U5: 0 | V5: 0 | W5: 0 | X5: 1 | Y5: 0 | Z5: 0 | AA5: 0 | AB5: 0 | AC5: 0 | AD5: 0 | AE5: 0 | AF5: =AVERAGE(X5:Y5) -> 0.5 | AG5: =AVERAGE(Z5:AA5) -> 0 | AH5: =AVERAGE(AB5:AC5) -> 0 | AI5: =AVERAGE(AD5:AE5) -> 0 | AJ5: 0 | AK5: 0 | AL5: 0 | AM5: 1 | AN5: 20 | AO5: 2 | AP5: 1
A6: 125 | B6: Siegfried Dewitte | C6: Katholieke Universiteit Leuven | D6: Belgium | E6: 1 | F6: 1 | G6: 2 | H6: 1 | I6: 0 | J6: 0 | K6: 0 | L6: 0 | M6: 0 | N6: 0 | O6: 1 | P6: 1 | Q6: 0 | R6: 0 | S6: 0 | T6: 0 | U6: 0 | V6: 0 | W6: 1 | X6: 1 | Y6: 0 | Z6: 0 | AA6: 0 | AB6: 0 | AC6: 0 | AD6: 0 | AE6: 1 | AF6: =AVERAGE(X6:Y6) -> 0.5 | AG6: =AVERAGE(Z6:AA6) -> 0 | AH6: =AVERAGE(AB6:AC6) -> 0 | AI6: =AVERAGE(AD6:AE6) -> 0.5 | AJ6: 0 | AK6: 0 | AL6: 0 | AM6: 2 | AN6: 23 | AO6: 2 | AP6: 1
A7: 126 | B7: Siegfried Dewitte | C7: Katholieke Universiteit Leuven | D7: Belgium | E7: 1 | F7: 1 | G7: 2 | H7: 1 | I7: 0 | J7: 1 | K7: 0 | L7: 0 | M7: 0 | N7: 1 | O7: 0 | P7: 1 | Q7: 0 | R7: 1 | S7: 0 | T7: 0 | U7: 0 | V7: 1 | W7: 0 | X7: 1 | Y7: 0 | Z7: 1 | AA7: 0 | AB7: 0 | AC7: 0 | AD7: 1 | AE7: 0 | AF7: =AVERAGE(X7:Y7) -> 0.5 | AG7: =AVERAGE(Z7:AA7) -> 0.5 | AH7: =AVERAGE(AB7:AC7) -> 0 | AI7: =AVERAGE(AD7:AE7) -> 0.5 | AJ7: 0 | AK7: 0 | AL7: 0 | AM7: 2 | AN7: 22 | AO7: 1 | AP7: 1
A8: 127 | B8: Siegfried Dewitte | C8: Katholieke Universiteit Leuven | D8: Belgium | E8: 2 | F8: 1 | G8: 1 | H8: 1 | I8: 1 | J8: 1 | K8: 1 | L8: 0 | M8: 1 | N8: 0 | O8: 0 | P8: 1 | Q8: 1 | R8: 1 | S8: 1 | T8: 0 | U8: 1 | V8: 0 | W8: 0 | X8: 1 | Y8: 1 | Z8: 1 | AA8: 1 | AB8: 0 | AC8: 1 | AD8: 0 | AE8: 0 | AF8: =AVERAGE(X8:Y8) -> 1 | AG8: =AVERAGE(Z8:AA8) -> 1 | AH8: =AVERAGE(AB8:AC8) -> 0.5 | AI8: =AVERAGE(AD8:AE8) -> 0 | AJ8: 0 | AK8: 0 | AL8: 0 | AM8: 1 | AN8: 23 | AO8: 2 | AP8: 1
A9: 128 | B9: Siegfried Dewitte | C9: Katholieke Universiteit Leuven | D9: Belgium | E9: 1 | F9: 3 | G9: 2 | H9: 0 | I9: 0 | J9: 0 | K9: 0 | L9: 0 | M9: 1 | N9: 1 | O9: 1 | P9: 0 | Q9: 0 | R9: 0 | S9: 0 | T9: 0 | U9: 1 | V9: 1 | W9: 1 | X9: 0 | Y9: 0 | Z9: 0 | AA9: 0 | AB9: 0 | AC9: 1 | AD9: 1 | AE9: 1 | AF9: =AVERAGE(X9:Y9) -> 0 | AG9: =AVERAGE(Z9:AA9) -> 0 | AH9: =AVERAGE(AB9:AC9) -> 0.5 | AI9: =AVERAGE(AD9:AE9) -> 1 | AJ9: 0 | AK9: 0 | AL9: 0 | AM9: 2 | AN9: 18 | AO9: 2 | AP9: 1
A10: 129 | B10: Siegfried Dewitte | C10: Katholieke Universiteit Leuven | D10: Belgium | E10: 1 | F10: 1 | G10: 2 | H10: 0 | I10: 0 | J10: 3 | K10: 0 | L10: 0 | M10: 0 | N10: 0 | O10: 1 | P10: 0 | Q10: 0 | R10: 3 | S10: 0 | T10: 0 | U10: 0 | V10: 0 | W10: 1 | X10: 0 | Y10: 0 | Z10: 3 | AA10: 0 | AB10: 0 | AC10: 0 | AD10: 0 | AE10: 1 | AF10: =AVERAGE(X10:Y10) -> 0 | AG10: =AVERAGE(Z10:AA10) -> 1.5 | AH10: =AVERAGE(AB10:AC10) -> 0 | AI10: =AVERAGE(AD10:AE10) -> 0.5 | AJ10: 0 | AK10: 0 | AL10: 0 | AM10: 2 | AN10: 18 | AO10: 2 | AP10: 1
A11: 130 | B11: Siegfried Dewitte | C11: Katholieke Universiteit Leuven | D11: Belgium | E11: 2 | F11: 4 | G11: 2 | H11: 0 | I11: 0 | J11: 3 | K11: 0 | L11: 0 | M11: 0 | N11: 0 | O11: 0 | P11: 0 | Q11: 0 | R11: 3 | S11: 0 | T11: 0 | U11: 0 | V11: 0 | W11: 0 | X11: 0 | Y11: 0 | Z11: 3 | AA11: 0 | AB11: 0 | AC11: 0 | AD11: 0 | AE11: 0 | AF11: =AVERAGE(X11:Y11) -> 0 | AG11: =AVERAGE(Z11:AA11) -> 1.5 | AH11: =AVERAGE(AB11:AC11) -> 0 | AI11: =AVERAGE(AD11:AE11) -> 0 | AJ11: 0 | AK11: 0 | AL11: 0 | AM11: 1 | AN11: 19 | AO11: 2 | AP11: 1
A12: 131 | B12: Siegfried Dewitte | C12: Katholieke Universiteit Leuven | D12: Belgium | E12: 1 | F12: 3 | G12: 2 | H12: 0 | I12: 0 | J12: 0 | K12: 0 | L12: 0 | M12: 0 | N12: 1 | O12: 0 | P12: 0 | Q12: 0 | R12: 0 | S12: 0 | T12: 0 | U12: 0 | V12: 1 | W12: 0 | X12: 0 | Y12: 0 | Z12: 0 | AA12: 0 | AB12: 0 | AC12: 0 | AD12: 1 | AE12: 0 | AF12: =AVERAGE(X12:Y12) -> 0 | AG12: =AVERAGE(Z12:AA12) -> 0 | AH12: =AVERAGE(AB12:AC12) -> 0 | AI12: =AVERAGE(AD12:AE12) -> 0.5 | AJ12: 0 | AK12: 0 | AL12: 0 | AM12: 2 | AN12: 49 | AO12: 2 | AP12: 1
A13: 132 | B13: Siegfried Dewitte | C13: Katholieke Universiteit Leuven | D13: Belgium | E13: 2 | F13: 1 | G13: 2 | H13: 1 | I13: 0 | J13: 0 | K13: 0 | L13: 0 | M13: 0 | N13: 1 | O13: 1 | P13: 1 | Q13: 0 | R13: 0 | S13: 0 | T13: 0 | U13: 0 | V13: 1 | W13: 1 | X13: 1 | Y13: 0 | Z13: 0 | AA13: 0 | AB13: 0 | AC13: 0 | AD13: 1 | AE13: 1 | AF13: =AVERAGE(X13:Y13) -> 0.5 | AG13: =AVERAGE(Z13:AA13) -> 0 | AH13: =AVERAGE(AB13:AC13) -> 0 | AI13: =AVERAGE(AD13:AE13) -> 1 | AJ13: 0 | AK13: 0 | AL13: 0 | AM13: 1 | AN13: 18 | AO13: 1 | AP13: 1
... A41: 160 | B41: Siegfried Dewitte | C41: Katholieke Universiteit Leuven | D41: Belgium | E41: 2 | F41: 4 | G41: 1 | H41: 0 | I41: 1 | J41: 0 | K41: 0 | L41: 1 | M41: 0 | N41: 0 | O41: 0 | P41: 0 | Q41: 1 | R41: 0 | S41: 0 | T41: 1 | U41: 0 | V41: 0 | W41: 0 | X41: 0 | Y41: 1 | Z41: 0 | AA41: 0 | AB41: 1 | AC41: 0 | AD41: 0 | AE41: 0 | AF41: =AVERAGE(X41:Y41) -> 0.5 | AG41: =AVERAGE(Z41:AA41) -> 0 | AH41: =AVERAGE(AB41:AC41) -> 0.5 | AI41: =AVERAGE(AD41:AE41) -> 0 | AJ41: 0 | AK41: 0 | AL41: 0 | AM41: 1 | AN41: 20 | AO41: 1 | AP41: 1

Sheet Notes on data cleaning
A1: 1. Data included a column "Student", which is not a variable in the original data template. This variable is deleted in the cleaned version but raw data still has it.

Sheet summarystats
A1: Correct responses
B2: Concentration | C2: Suppression
A3: High time pressure | B3: =AVERAGEIF(testdata!$E$2:$E$14, "Concentration", testdata!AG2:AG14) -> #DIV/0! | C3: =AVERAGEIF(testdata!$E$2:$E$14, "Suppression", testdata!AG2:AG14) -> #DIV/0!
A4: Low time pressure | B4: =AVERAGEIF(testdata!$E$2:$E$14, "Concentration", testdata!AF2:AF14) -> #DIV/0! | C4: =AVERAGEIF(testdata!$E$2:$E$14, "Suppression", testdata!AF2:AF14) -> #DIV/0!
A6: RT responses
B7: Concentration | C7: Suppression
A8: High time pressure | B8: =AVERAGEIF(testdata!$E$2:$E$14, "Concentration", testdata!#REF!) -> #REF! | C8: =AVERAGEIF(testdata!$E$2:$E$14, "Suppression", testdata!#REF!) -> #REF!
A9: Low time pressure | B9: =AVERAGEIF(testdata!$E$2:$E$14, "Concentration", testdata!#REF!) -> #REF! | C9: =AVERAGEIF(testdata!$E$2:$E$14, "Suppression", testdata!#REF!) -> #REF!
