Workbook

Sheet testdata
A1: Notes: | D1: ParticipantID | E1: Condition | F1: Targetword | G1: A_period.1.coder1 | H1: B_period.1.coder1 | I1: C_period.1.coder1 | J1: A_period.1.coder2 | K1: B_period.1.coder2 | L1: C_period.1.coder2 | M1: A_period.1.final | N1: B_period.1.final | O1: C_period.1.final | P1: sum.of.ABC_period.1.final | Q1: A_period.2.coder1 | R1: B_period.2.coder1 | S1: C_period.2.coder1 | T1: A_period.2.coder2 | U1: B_period.2.coder2 | V1: C_period.2.coder2 | W1: A_period.2.final | X1: B_period.2.final | Y1: C_period.2.final | Z1: sum.ABC_period2.final | AA1: Percentage.round.1 | AB1: Percentage.round.2 | AC1: probe.coder1 | AD1: probe.coder2 | AE1: probe.final | AF1: MC | AG1: age | AH1: gender | AI1: Compliance
A2: Condition (initial suppression = 1, initial concentration = 2) | C2: Example | D2: 1001 | E2: 1 | F2: 1 | G2: 18 | H2: 4 | I2: 8 | J2: 18 | K2: 4 | L2: 8 | M2: 18 | N2: 4 | O2: 8 | P2: =SUM(M2,Q2,N2,O2) -> 44 | Q2: 14 | R2: 15 | S2: 20 | T2: 14 | U2: 15 | V2: 20 | W2: 14 | X2: 15 | Y2: 20 | Z2: =SUM(W2,X2,Y2) -> 49 | AC2: 0 | AD2: 0 | AE2: 0 | AF2: 1 | AG2: 30 | AH2: 1 | AI2: 1
A3: Target word (gorilla = 1, tiger = 2, food = 3, diseases = 4) | D3: 1002 | E3: 1 | F3: 2 | G3: 18 | H3: 16 | I3: 16 | J3: 18 | K3: 16 | L3: 16 | M3: 18 | N3: 16 | O3: 16 | P3: =SUM(M3,Q3,N3,O3) -> 63 | Q3: 13 | R3: 16 | S3: 15 | T3: 13 | U3: 16 | V3: 15 | W3: 13 | X3: 16 | Y3: 15 | Z3: =SUM(W3,X3,Y3) -> 44 | AC3: 0 | AD3: 1 | AE3: 0 | AF3: 1 | AG3: 25 | AH3: 1 | AI3: 1
A4: Participant ID should start from 121 rather than 001 | D4: 1003 | E4: 2 | F4: 3 | G4: 2 | H4: 3 | I4: 19 | J4: 2 | K4: 3 | L4: 19 | M4: 2 | N4: 3 | O4: 19 | P4: =SUM(M4,Q4,N4,O4) -> 37 | Q4: 13 | R4: 3 | S4: 5 | T4: 13 | U4: 3 | V4: 5 | W4: 13 | X4: 3 | Y4: 5 | Z4: =SUM(W4,X4,Y4) -> 21 | AC4: 0 | AD4: 0 | AE4: 0 | AF4: 2 | AG4: 26 | AH4: 2 | AI4: 1
A5: A = number of target thought mentions only, B = number of bell rings only, C = number of thought mentions and bell rings at the same time | D5: 1004 | E5: 2 | F5: 4 | G5: 20 | H5: 13 | I5: 2 | J5: 20 | K5: 13 | L5: 2 | M5: 20 | N5: 13 | O5: 2 | P5: =SUM(M5,Q5,N5,O5) -> 43 | Q5: 8 | R5: 14 | S5: 12 | T5: 8 | U5: 14 | V5: 12 | W5: 8 | X5: 14 | Y5: 12 | Z5: =SUM(W5,X5,Y5) -> 34 | AC5: 1 | AD5: 1 | AE5: 1 | AF5: 2 | AG5: 18 | AH5: 2 | AI5: 1
A6: Period 1 only needs to be completed for initial concentration group | C6: Start data entry here from 1 onwards | D6: 1 | E6: 2 | F6: 1 | G6: 1 | H6: 0 | I6: 8 | J6: 0 | K6: 1 | L6: 9 | M6: 1 | N6: 1 | O6: 8 | P6: =SUM(M6,Q6,N6,O6) -> 11 | Q6: 1 | R6: 2 | S6: 3 | T6: 0 | U6: 2 | V6: 4 | W6: 1 | X6: 2 | Y6: 3 | Z6: =SUM(W6,X6,Y6) -> 6 | AA6: 40 | AB6: 20 | AC6: 0 | AD6: 0 | AE6: 0 | AF6: 1 | AG6: 19 | AH6: 1 | AI6: 1
A7: Final = results after resolving any inter-coder discrepancies | D7: 2 | E7: 2 | F7: 2 | G7: 3 | H7: 3 | I7: 1 | J7: 4 | K7: 3 | L7: 1 | M7: 4 | N7: 3 | O7: 1 | P7: =SUM(M7,Q7,N7,O7) -> 9 | Q7: 1 | R7: 2 | S7: 0 | T7: 1 | U7: 2 | V7: 0 | W7: 1 | X7: 2 | Y7: 0 | Z7: =SUM(W7,X7,Y7) -> 3 | AA7: 70 | AB7: 40 | AC7: 0 | AD7: 0 | AE7: 0 | AI7: 1
A8: Percentage = % time participant indicate to be thinking about target thought | D8: 3 | E8: 2 | F8: 3 | G8: 31 | H8: 3 | I8: 5 | J8: 19 | K8: 3 | L8: 5 | M8: 25 | N8: 3 | O8: 5 | P8: =SUM(M8,Q8,N8,O8) -> 56 | Q8: 23 | R8: 1 | S8: 2 | T8: 14 | U8: 1 | V8: 2 | W8: 19 | X8: 1 | Y8: 2 | Z8: =SUM(W8,X8,Y8) -> 22 | AA8: 60 | AB8: 40 | AC8: 0 | AD8: 0 | AE8: 0 | AF8: 1 | AG8: 19 | AH8: 1 | AI8: 1
A9: Probe: did participant fail probe - 1 = yes, 0 = no (to be completed | D9: 4 | E9: 2 | F9: 4 | G9: 27 | H9: 1 | I9: 1 | J9: 16 | K9: 1 | L9: 1 | M9: 22 | N9: 1 | O9: 1 | P9: =SUM(M9,Q9,N9,O9) -> 48 | Q9: 24 | R9: 0 | S9: 0 | T9: 13 | U9: 0 | V9: 0 | W9: 19 | X9: 0 | Y9: 0 | Z9: =SUM(W9,X9,Y9) -> 19 | AA9: 30 | AB9: 70 | AC9: 0 | AD9: 0 | AE9: 0 | AF9: 1 | AG9: 18 | AH9: 2 | AI9: 1
A10: by two independent coders AFTER termination of data collection) | D10: 5 | E10: 1 | F10: 1 | Q10: 1 | R10: 2 | S10: 16 | T10: 1 | U10: 2 | V10: 16 | W10: 1 | X10: 2 | Y10: 16 | Z10: =SUM(W10,X10,Y10) -> 19 | AA10: 50 | AB10: 30 | AC10: 0 | AD10: 0 | AE10: 0 | AF10: 1 | AG10: 20 | AH10: 1 | AI10: 1
A11: MC = manipulation check (think = 1, not think = 2) | D11: 6 | E11: 1 | F11: 2 | Q11: 0 | R11: 1 | S11: 1 | T11: 0 | U11: 2 | V11: 1 | W11: 0 | X11: 2 | Y11: 1 | Z11: =SUM(W11,X11,Y11) -> 3 | AA11: 50 | AB11: 50 | AC11: 0 | AD11: 0 | AE11: 0 | AF11: 1 | AG11: 20 | AH11: 2 | AI11: 1
A12: Gender: female = 1, male = 2, other = 3, prefer not to say = 4 | D12: 7 | E12: 1 | F12: 3 | Q12: 40 | R12: 1 | S12: 4 | T12: 15 | U12: 2 | V12: 3 | W12: 28 | X12: 1 | Y12: 4 | Z12: =SUM(W12,X12,Y12) -> 33 | AA12: 30 | AB12: 70 | AC12: 0 | AD12: 0 | AE12: 0 | AF12: 1 | AG12: 19 | AH12: 2 | AI12: 1
A13: Compliance: complied with experimental instructions? Yes = 1, No = 2 | D13: 8 | E13: 1 | F13: 4 | Q13: 2 | R13: 1 | S13: 10 | T13: 3 | U13: 1 | V13: 11 | W13: 2 | X13: 1 | Y13: 11 | Z13: =SUM(W13,X13,Y13) -> 14 | AA13: 70 | AB13: 90 | AC13: 0 | AD13: 0 | AE13: 0 | AF13: 2 | AG13: 18 | AH13: 1 | AI13: 1
D14: 9 | E14: 2 | F14: 1 | G14: 0 | H14: 1 | I14: 14 | J14: 0 | K14: 2 | L14: 13 | M14: 0 | N14: 1 | O14: 14 | P14: =SUM(M14,Q14,N14,O14) -> 15 | Q14: 0 | R14: 2 | S14: 9 | T14: 0 | U14: 3 | V14: 8 | W14: 0 | X14: 2 | Y14: 9 | Z14: =SUM(W14,X14,Y14) -> 11 | AA14: 40 | AB14: 25 | AC14: 0 | AD14: 0 | AE14: 0 | AF14: 1 | AG14: 25 | AH14: 2 | AI14: 1
D15: 10 | E15: 2 | F15: 2 | G15: 10 | H15: 7 | I15: 28 | J15: 5 | K15: 4 | L15: 31 | M15: 6 | N15: 5 | O15: 31 | P15: =SUM(M15,Q15,N15,O15) -> 48 | Q15: 6 | R15: 10 | S15: 21 | T15: 0 | U15: 7 | V15: 24 | W15: 3 | X15: 8 | Y15: 23 | Z15: =SUM(W15,X15,Y15) -> 34 | AA15: 85 | AB15: 70 | AC15: 0 | AD15: 0 | AE15: 0 | AF15: 1 | AG15: 18 | AH15: 2 | AI15: 1
D16: 11 | E16: 2 | F16: 3 | G16: 4 | H16: 0 | I16: 2 | J16: 5 | K16: 0 | L16: 3 | M16: 4 | N16: 0 | O16: 3 | P16: =SUM(M16,Q16,N16,O16) -> 7 | Q16: 0 | R16: 0 | S16: 0 | T16: 0 | U16: 0 | V16: 0 | W16: 0 | X16: 0 | Y16: 0 | Z16: =SUM(W16,X16,Y16) -> 0 | AA16: 10 | AB16: 0 | AC16: 0 | AD16: 0 | AE16: 0 | AG16: 30 | AH16: 2 | AI16: 1
D17: 12 | E17: 2 | F17: 4 | G17: 18 | H17: 0 | I17: 7 | J17: 11 | K17: 0 | L17: 7 | M17: 15 | N17: 0 | O17: 7 | P17: =SUM(M17,Q17,N17,O17) -> 37 | Q17: 15 | R17: 0 | S17: 4 | T17: 10 | U17: 0 | V17: 4 | W17: 13 | X17: 0 | Y17: 4 | Z17: =SUM(W17,X17,Y17) -> 17 | AA17: 90 | AB17: 97 | AC17: 0 | AD17: 0 | AE17: 0 | AF17: 1 | AG17: 19 | AH17: 1 | AI17: 1
D18: 13 | E18: 1 | F18: 1 | Q18: 6 | R18: 1 | S18: 9 | T18: 4 | U18: 1 | V18: 9 | W18: 5 | X18: 1 | Y18: 9 | Z18: =SUM(W18,X18,Y18) -> 15 | AA18: 15 | AB18: 40 | AC18: 0 | AD18: 0 | AE18: 0 | AF18: 2 | AG18: 18 | AH18: 2 | AI18: 1
D19: 14 | E19: 1 | F19: 2 | Q19: 6 | R19: 4 | S19: 9 | T19: 6 | U19: 4 | V19: 10 | W19: 6 | X19: 4 | Y19: 10 | Z19: =SUM(W19,X19,Y19) -> 20 | AA19: 45 | AB19: 100 | AC19: 0 | AD19: 0 | AE19: 0 | AF19: 2 | AG19: 22 | AH19: 1 | AI19: 1
D20: 15 | E20: 1 | F20: 3 | Q20: 6 | R20: 6 | S20: 7 | T20: 3 | U20: 6 | V20: 8 | W20: 2 | X20: 6 | Y20: 1 | Z20: =SUM(W20,X20,Y20) -> 9 | AA20: 60 | AB20: 75 | AC20: 0 | AD20: 0 | AE20: 0 | AF20: 2 | AG20: 20 | AH20: 1 | AI20: 1
D21: 16 | E21: 1 | F21: 4 | Q21: 5 | R21: 0 | S21: 14 | T21: 5 | U21: 1 | V21: 13 | W21: 5 | X21: 0 | Y21: 14 | Z21: =SUM(W21,X21,Y21) -> 19 | AA21: 10 | AB21: 90 | AC21: 0 | AD21: 0 | AE21: 0 | AF21: 1 | AG21: 18 | AH21: 1 | AI21: 1
D22: 17 | E22: 2 | F22: 1 | G22: 0 | H22: 18 | I22: 3 | J22: 0 | K22: 15 | L22: 3 | M22: 0 | N22: 18 | O22: 3 | P22: =SUM(M22,Q22,N22,O22) -> 21 | Q22: 0 | R22: 15 | S22: 1 | T22: 0 | U22: 15 | V22: 1 | W22: 0 | X22: 15 | Y22: 1 | Z22: =SUM(W22,X22,Y22) -> 16 | AA22: 20 | AB22: 10 | AC22: 0 | AD22: 0 | AE22: 0 | AF22: 1 | AG22: 22 | AH22: 1 | AI22: 1
D23: 18 | E23: 2 | F23: 2 | G23: 4 | H23: 9 | I23: 3 | J23: 2 | K23: 7 | L23: 4 | M23: 3 | N23: 7 | O23: 4 | P23: =SUM(M23,Q23,N23,O23) -> 14 | Q23: 0 | R23: 4 | S23: 4 | T23: 0 | U23: 4 | V23: 4 | W23: 0 | X23: 4 | Y23: 4 | Z23: =SUM(W23,X23,Y23) -> 8 | AA23: 40 | AB23: 10 | AC23: 0 | AD23: 0 | AE23: 0 | AF23: 1 | AG23: 18 | AH23: 1 | AI23: 1
D24: 19 | E24: 2 | F24: 3 | G24: 2 | H24: 0 | I24: 3 | J24: 2 | K24: 0 | L24: 3 | M24: 2 | N24: 0 | O24: 0 | P24: =SUM(M24,Q24,N24,O24) -> 4 | Q24: 2 | R24: 0 | S24: 6 | T24: 0 | U24: 0 | V24: 6 | W24: 2 | X24: 0 | Y24: 6 | Z24: =SUM(W24,X24,Y24) -> 8 | AA24: 50 | AB24: 70 | AC24: 0 | AD24: 0 | AE24: 0 | AF24: 1 | AG24: 19 | AH24: 2 | AI24: 1
D25: 20 | E25: 2 | F25: 4 | G25: 6 | H25: 12 | I25: 5 | J25: 3 | K25: 9 | L25: 8 | M25: 4 | N25: 10 | O25: 7 | P25: =SUM(M25,Q25,N25,O25) -> 29 | Q25: 8 | R25: 3 | S25: 7 | T25: 4 | U25: 3 | V25: 8 | W25: 6 | X25: 3 | Y25: 8 | Z25: =SUM(W25,X25,Y25) -> 17 | AA25: 90 | AB25: 85 | AC25: 0 | AD25: 0 | AE25: 0 | AF25: 2 | AG25: 18 | AH25: 1 | AI25: 1
D26: 21 | E26: 1 | F26: 1 | Q26: 4 | R26: 8 | S26: 3 | T26: 3 | U26: 8 | V26: 3 | W26: 4 | X26: 8 | Y26: 3 | Z26: =SUM(W26,X26,Y26) -> 15 | AA26: 13 | AB26: 85 | AC26: 0 | AD26: 0 | AE26: 0 | AF26: 1 | AG26: 20 | AH26: 1 | AI26: 1
D27: 22 | E27: 1 | F27: 2 | Q27: 37 | R27: 1 | S27: 8 | T27: 29 | U27: 1 | V27: 8 | W27: 33 | X27: 1 | Y27: 8 | Z27: =SUM(W27,X27,Y27) -> 42 | AA27: 1 | AB27: 100 | AC27: 0 | AD27: 0 | AE27: 0 | AF27: 2 | AG27: 20 | AH27: 1 | AI27: 1
D28: 23 | E28: 1 | F28: 3 | Q28: 9 | R28: 0 | S28: 8 | T28: 6 | U28: 1 | V28: 7 | W28: 7 | X28: 0 | Y28: 8 | Z28: =SUM(W28,X28,Y28) -> 15 | AA28: 30 | AB28: 70 | AC28: 0 | AD28: 0 | AE28: 0 | AF28: 2 | AG28: 19 | AH28: 1 | AI28: 1
D29: 24 | E29: 1 | F29: 4 | Q29: 34 | R29: 0 | S29: 4 | T29: 23 | U29: 0 | V29: 4 | W29: 29 | X29: 0 | Y29: 4 | Z29: =SUM(W29,X29,Y29) -> 33 | AA29: 5 | AB29: 90 | AC29: 0 | AD29: 0 | AE29: 0 | AF29: 1 | AG29: 19 | AH29: 1 | AI29: 1
D30: 25 | E30: 2 | F30: 1 | G30: 6 | H30: 3 | I30: 19 | J30: 4 | K30: 3 | L30: 17 | M30: 5 | N30: 3 | O30: 18 | P30: =SUM(M30,Q30,N30,O30) -> 32 | Q30: 6 | R30: 3 | S30: 9 | T30: 4 | U30: 3 | V30: 9 | W30: 5 | X30: 3 | Y30: 9 | Z30: =SUM(W30,X30,Y30) -> 17 | AA30: 90 | AB30: 70 | AC30: 0 | AD30: 0 | AE30: 0 | AF30: 1 | AG30: 19 | AH30: 1 | AI30: 1
D31: 26 | E31: 2 | F31: 2 | G31: 2 | H31: 0 | I31: 13 | J31: 1 | K31: 0 | L31: 13 | M31: 2 | N31: 0 | O31: 13 | P31: =SUM(M31,Q31,N31,O31) -> 16 | Q31: 1 | R31: 8 | S31: 17 | T31: 1 | U31: 8 | V31: 16 | W31: 1 | X31: 8 | Y31: 17 | Z31: =SUM(W31,X31,Y31) -> 26 | AA31: 70 | AB31: 65 | AC31: 0 | AD31: 0 | AE31: 0 | AF31: 1 | AG31: 18 | AH31: 1 | AI31: 1
D32: 27 | E32: 2 | F32: 3 | G32: 22 | H32: 0 | I32: 24 | J32: 8 | K32: 2 | L32: 23 | M32: 15 | N32: 1 | O32: 24 | P32: =SUM(M32,Q32,N32,O32) -> 50 | Q32: 10 | R32: 1 | S32: 43 | T32: 2 | U32: 4 | V32: 39 | W32: 6 | X32: 2 | Y32: 41 | Z32: =SUM(W32,X32,Y32) -> 49 | AA32: 98 | AB32: 95 | AC32: 0 | AD32: 0 | AE32: 0 | AF32: 1 | AG32: 20 | AH32: 1 | AI32: 1
D33: 28 | E33: 2 | F33: 4 | G33: 22 | H33: 0 | I33: 17 | J33: 11 | K33: 2 | L33: 14 | M33: 16 | N33: 1 | O33: 16 | P33: =SUM(M33,Q33,N33,O33) -> 45 | Q33: 12 | R33: 0 | S33: 18 | T33: 10 | U33: 7 | V33: 11 | W33: 11 | X33: 3 | Y33: 14 | Z33: =SUM(W33,X33,Y33) -> 28 | AA33: 85 | AB33: 90 | AC33: 0 | AD33: 0 | AE33: 0 | AF33: 1 | AG33: 20 | AH33: 1 | AI33: 1
D34: 29 | E34: 1 | F34: 1 | Q34: 6 | R34: 8 | S34: 17 | T34: 9 | U34: 6 | V34: 13 | W34: 7 | X34: 7 | Y34: 15 | Z34: =SUM(W34,X34,Y34) -> 29 | AA34: 25 | AB34: 75 | AC34: 0 | AD34: 0 | AE34: 0 | AF34: 1 | AG34: 22 | AH34: 1 | AI34: 1
D35: 30 | E35: 1 | F35: 2 | Q35: 0 | R35: 0 | S35: 2 | T35: 0 | U35: 0 | V35: 2 | W35: 0 | X35: 0 | Y35: 2 | Z35: =SUM(W35,X35,Y35) -> 2 | AA35: 10 | AB35: 5 | AC35: 0 | AD35: 0 | AE35: 0 | AF35: 1 | AG35: 19 | AH35: 1 | AI35: 1
D36: 31 | E36: 1 | F36: 3 | Q36: 2 | R36: 0 | S36: 2 | T36: 1 | U36: 0 | V36: 2 | W36: 2 | X36: 0 | Y36: 2 | Z36: =SUM(W36,X36,Y36) -> 4 | AA36: 0 | AB36: 10 | AC36: 0 | AD36: 0 | AE36: 0 | AF36: 2 | AG36: 18 | AH36: 2 | AI36: 1
D37: 32 | E37: 1 | F37: 4 | Q37: 6 | R37: 3 | S37: 5 | T37: 4 | U37: 4 | V37: 4 | W37: 5 | X37: 4 | Y37: 4 | Z37: =SUM(W37,X37,Y37) -> 13 | AA37: 5 | AB37: 90 | AC37: 0 | AD37: 0 | AE37: 0 | AF37: 2 | AG37: 20 | AH37: 1 | AI37: 1
D38: 33 | E38: 2 | F38: 1 | G38: 0 | H38: 0 | I38: 1 | J38: 0 | K38: 0 | L38: 1 | M38: 0 | N38: 0 | O38: 1 | P38: =SUM(M38,Q38,N38,O38) -> 1 | Q38: 0 | R38: 2 | S38: 0 | T38: 0 | U38: 2 | V38: 0 | W38: 0 | X38: 2 | Y38: 0 | Z38: =SUM(W38,X38,Y38) -> 2 | AA38: 10 | AB38: 30 | AC38: 0 | AD38: 0 | AE38: 0 | AF38: 1 | AG38: 20 | AH38: 1 | AI38: 1
D39: 34 | E39: 2 | F39: 2 | G39: 0 | H39: 0 | I39: 11 | J39: 0 | K39: 0 | L39: 11 | M39: 0 | N39: 0 | O39: 11 | P39: =SUM(M39,Q39,N39,O39) -> 18 | Q39: 7 | R39: 0 | S39: 9 | T39: 2 | U39: 0 | V39: 10 | W39: 4 | X39: 0 | Y39: 10 | Z39: =SUM(W39,X39,Y39) -> 14 | AA39: 97 | AB39: 91 | AC39: 0 | AD39: 0 | AE39: 0 | AF39: 1 | AG39: 22 | AH39: 1 | AI39: 1
D40: 35 | E40: 2 | F40: 3 | G40: 9 | H40: 3 | I40: 3 | J40: 3 | K40: 3 | L40: 3 | M40: 6 | N40: 3 | O40: 3 | P40: =SUM(M40,Q40,N40,O40) -> 15 | Q40: 3 | R40: 0 | S40: 1 | T40: 0 | U40: 0 | V40: 1 | W40: 3 | X40: 0 | Y40: 1 | Z40: =SUM(W40,X40,Y40) -> 4 | AA40: 75 | AB40: 20 | AC40: 0 | AD40: 0 | AE40: 0 | AF40: 2 | AG40: 19 | AH40: 2 | AI40: 1
D41: 36 | E41: 2 | F41: 4 | G41: 6 | H41: 9 | I41: 3 | J41: 4 | K41: 8 | L41: 3 | M41: 5 | N41: 9 | O41: 3 | P41: =SUM(M41,Q41,N41,O41) -> 48 | Q41: 31 | R41: 1 | S41: 12 | T41: 12 | U41: 4 | V41: 9 | W41: 21 | X41: 2 | Y41: 11 | Z41: =SUM(W41,X41,Y41) -> 34 | AA41: 40 | AB41: 90 | AC41: 0 | AD41: 0 | AE41: 0 | AF41: 1 | AG41: 21 | AH41: 1 | AI41: 1
D42: 37 | E42: 1 | F42: 1 | Q42: 14 | R42: 0 | S42: 0 | T42: 10 | U42: 0 | V42: 0 | W42: 12 | X42: 0 | Y42: 0 | Z42: =SUM(W42,X42,Y42) -> 12 | AA42: 80 | AB42: 60 | AC42: 0 | AD42: 0 | AE42: 0 | AF42: 2 | AG42: 21 | AH42: 1 | AI42: 1
D43: 38 | E43: 1 | F43: 2 | Q43: 2 | R43: 0 | S43: 14 | T43: 0 | U43: 0 | V43: 14 | W43: 1 | X43: 0 | Y43: 14 | Z43: =SUM(W43,X43,Y43) -> 15 | AA43: 60 | AB43: 80 | AC43: 0 | AD43: 0 | AE43: 0 | AF43: 1 | AG43: 19 | AH43: 1 | AI43: 1
D44: 39 | E44: 1 | F44: 3 | Q44: 6 | R44: 3 | S44: 6 | T44: 4 | U44: 4 | V44: 5 | W44: 4 | X44: 4 | Y44: 6 | Z44: =SUM(W44,X44,Y44) -> 14 | AA44: 40 | AB44: 75 | AC44: 0 | AD44: 0 | AE44: 0 | AF44: 2 | AG44: 19 | AH44: 1 | AI44: 1
D45: 40 | E45: 1 | F45: 4 | Q45: 14 | R45: 0 | S45: 7 | T45: 6 | U45: 0 | V45: 7 | W45: 10 | X45: 0 | Y45: 7 | Z45: =SUM(W45,X45,Y45) -> 17 | AA45: 0 | AB45: 65 | AC45: 0 | AD45: 0 | AE45: 0 | AF45: 2 | AG45: 21 | AH45: 1 | AI45: 1
D46: 41 | E46: 2 | F46: 1 | G46: 3 | H46: 3 | I46: 2 | J46: 2 | K46: 2 | L46: 3 | M46: 2 | N46: 2 | O46: 3 | P46: =SUM(M46,Q46,N46,O46) -> 7 | Q46: 0 | R46: 0 | S46: 3 | T46: 0 | U46: 0 | V46: 3 | W46: 0 | X46: 0 | Y46: 3 | Z46: =SUM(W46,X46,Y46) -> 3 | AA46: 50 | AB46: 30 | AC46: 0 | AD46: 0 | AE46: 0 | AF46: 1 | AG46: 23 | AH46: 1 | AI46: 1
D47: 42 | E47: 2 | F47: 2 | G47: 0 | H47: 2 | I47: 2 | J47: 0 | K47: 2 | L47: 2 | M47: 0 | N47: 2 | O47: 2 | P47: =SUM(M47,Q47,N47,O47) -> 5 | Q47: 1 | R47: 4 | S47: 1 | T47: 1 | U47: 4 | V47: 1 | W47: 1 | X47: 4 | Y47: 1 | Z47: =SUM(W47,X47,Y47) -> 6 | AA47: 10 | AB47: 30 | AC47: 0 | AD47: 0 | AE47: 0 | AF47: 1 | AG47: 18 | AH47: 2 | AI47: 1
D48: 43 | E48: 2 | F48: 3 | G48: 8 | H48: 1 | I48: 3 | J48: 2 | K48: 1 | L48: 3 | M48: 5 | N48: 1 | O48: 3 | P48: =SUM(M48,Q48,N48,O48) -> 18 | Q48: 9 | R48: 1 | S48: 3 | T48: 6 | U48: 2 | V48: 2 | W48: 8 | X48: 1 | Y48: 3 | Z48: =SUM(W48,X48,Y48) -> 12 | AA48: 45 | AB48: 60 | AC48: 0 | AD48: 0 | AE48: 0 | AF48: 1 | AG48: 19 | AH48: 2 | AI48: 1
D49: 44(withdrew) | E49: 2 | F49: 4
D50: 45 | E50: 1 | F50: 1 | Q50: 2 | R50: 4 | S50: 5 | T50: 0 | U50: 2 | V50: 7 | W50: 2 | X50: 2 | Y50: 7 | Z50: =SUM(W50,X50,Y50) -> 11 | AA50: 80 | AB50: 15 | AC50: 0 | AD50: 0 | AE50: 0 | AF50: 1 | AG50: 19 | AH50: 2 | AI50: 1
D51: 46 | E51: 1 | F51: 2 | Q51: 10 | R51: 0 | S51: 19 | T51: 10 | U51: 2 | V51: 17 | W51: 10 | X51: 0 | Y51: 19 | Z51: =SUM(W51,X51,Y51) -> 29 | AA51: 3 | AB51: 90 | AC51: 0 | AD51: 0 | AE51: 0 | AF51: 2 | AG51: 19 | AH51: 2 | AI51: 1
D52: 47 | E52: 1 | F52: 3 | Q52: 1 | R52: 0 | S52: 15 | T52: 1 | U52: 0 | V52: 11 | W52: 1 | X52: 0 | Y52: 12 | Z52: =SUM(W52,X52,Y52) -> 13 | AA52: 20 | AB52: 85 | AC52: 0 | AD52: 0 | AE52: 0 | AF52: 1 | AG52: 18 | AH52: 1 | AI52: 1
D53: 48 | E53: 1 | F53: 4 | Q53: 9 | R53: 0 | S53: 6 | T53: 6 | U53: 0 | V53: 6 | W53: 8 | X53: 0 | Y53: 6 | Z53: =SUM(W53,X53,Y53) -> 14 | AA53: 10 | AB53: 99 | AC53: 0 | AD53: 0 | AE53: 0 | AF53: 2 | AG53: 19 | AH53: 1 | AI53: 1
D54: 49 | E54: 2 | F54: 1 | G54: 1 | H54: 0 | I54: 9 | J54: 1 | K54: 1 | L54: 7 | M54: 1 | N54: 0 | O54: 9 | P54: =SUM(M54,Q54,N54,O54) -> 10 | Q54: 0 | R54: 0 | S54: 6 | T54: 0 | U54: 0 | V54: 6 | W54: 0 | X54: 0 | Y54: 6 | Z54: =SUM(W54,X54,Y54) -> 6 | AA54: 80 | AB54: 40 | AC54: 0 | AD54: 0 | AE54: 0 | AF54: 1 | AG54: 21 | AH54: 1 | AI54: 1
D55: 50 | E55: 2 | F55: 2 | G55: 9 | H55: 10 | I55: 1 | J55: 7 | K55: 9 | L55: 2 | M55: 8 | N55: 9 | O55: 2 | P55: =SUM(M55,Q55,N55,O55) -> 26 | Q55: 7 | R55: 5 | S55: 2 | T55: 6 | U55: 6 | V55: 1 | W55: 6 | X55: 6 | Y55: 2 | Z55: =SUM(W55,X55,Y55) -> 14 | AA55: 30 | AB55: 45 | AC55: 0 | AD55: 0 | AE55: 0 | AF55: 1 | AG55: 18 | AH55: 1 | AI55: 1
D56: 51 | E56: 2 | F56: 3 | G56: 6 | H56: 1 | I56: 2 | J56: 5 | K56: 0 | L56: 3 | M56: 5 | N56: 0 | O56: 3 | P56: =SUM(M56,Q56,N56,O56) -> 8 | Q56: 0 | R56: 1 | S56: 2 | T56: 0 | U56: 1 | V56: 2 | W56: 0 | X56: 1 | Y56: 2 | Z56: =SUM(W56,X56,Y56) -> 3 | AA56: 15 | AB56: 10 | AC56: 0 | AD56: 0 | AE56: 0 | AF56: 1 | AG56: 25 | AH56: 1 | AI56: 1
D57: 52 | E57: 2 | F57: 4 | G57: 9 | H57: 0 | I57: 0 | J57: 9 | K57: 0 | L57: 0 | M57: 9 | N57: 0 | O57: 0 | P57: =SUM(M57,Q57,N57,O57) -> 24 | Q57: 15 | R57: 0 | S57: 0 | T57: 12 | U57: 0 | V57: 0 | W57: 14 | X57: 0 | Y57: 0 | Z57: =SUM(W57,X57,Y57) -> 14 | AA57: 40 | AB57: 60 | AC57: 0 | AD57: 0 | AE57: 0 | AF57: 2 | AG57: 19 | AH57: 1 | AI57: 1
D58: 53 | E58: 1 | F58: 1 | Q58: 22 | R58: 10 | S58: 10 | T58: 17 | U58: 8 | V58: 11 | W58: 19 | X58: 9 | Y58: 11 | Z58: =SUM(W58,X58,Y58) -> 39 | AA58: 10 | AB58: 85 | AC58: 0 | AD58: 0 | AE58: 0 | AF58: 1 | AG58: 19 | AH58: 1 | AI58: 1
D59: 54 | E59: 1 | F59: 2 | Q59: 3 | R59: 0 | S59: 11 | T59: 4 | U59: 1 | V59: 10 | W59: 3 | X59: 0 | Y59: 11 | Z59: =SUM(W59,X59,Y59) -> 14 | AA59: 45 | AB59: 60 | AC59: 0 | AD59: 0 | AE59: 0 | AF59: 2 | AG59: 21 | AH59: 2 | AI59: 1
D60: 55 | E60: 1 | F60: 3 | Q60: 14 | R60: 1 | S60: 64 | T60: 6 | U60: 13 | V60: 48 | W60: 10 | X60: 7 | Y60: 56 | Z60: =SUM(W60,X60,Y60) -> 73 | AA60: 35 | AB60: 97 | AC60: 0 | AD60: 0 | AE60: 0 | AF60: 2 | AG60: 20 | AH60: 1 | AI60: 1
D61: 56 | E61: 1 | F61: 4 | Q61: 0 | R61: 1 | S61: 3 | T61: 0 | U61: 1 | V61: 3 | W61: 0 | X61: 1 | Y61: 3 | Z61: =SUM(W61,X61,Y61) -> 4 | AA61: 0 | AB61: 100 | AC61: 0 | AD61: 0 | AE61: 0 | AF61: 1 | AG61: 19 | AH61: 2 | AI61: 1
D62: 57 | E62: 2 | F62: 1 | G62: 2 | H62: 4 | I62: 2 | J62: 2 | K62: 4 | L62: 2 | M62: 2 | N62: 4 | O62: 2 | P62: =SUM(M62,Q62,N62,O62) -> 9 | Q62: 1 | R62: 0 | S62: 5 | T62: 1 | U62: 0 | V62: 5 | W62: 1 | X62: 0 | Y62: 5 | Z62: =SUM(W62,X62,Y62) -> 6 | AA62: 43 | AB62: 30 | AC62: 0 | AD62: 0 | AE62: 0 | AF62: 1 | AG62: 21 | AH62: 1 | AI62: 1
D63: 58 | E63: 2 | F63: 2 | G63: 4 | H63: 0 | I63: 14 | J63: 1 | K63: 1 | L63: 13 | M63: 2 | N63: 0 | O63: 14 | P63: =SUM(M63,Q63,N63,O63) -> 23 | Q63: 7 | R63: 0 | S63: 8 | T63: 4 | U63: 0 | V63: 8 | W63: 6 | X63: 0 | Y63: 8 | Z63: =SUM(W63,X63,Y63) -> 14 | AA63: 75 | AB63: 90 | AC63: 0 | AD63: 0 | AE63: 0 | AF63: 1 | AG63: 20 | AH63: 2 | AI63: 1
D64: 59 | E64: 2 | F64: 3 | G64: 20 | H64: 0 | I64: 20 | J64: 12 | K64: 3 | L64: 17 | M64: 16 | N64: 1 | O64: 19 | P64: =SUM(M64,Q64,N64,O64) -> 62 | Q64: 26 | R64: 1 | S64: 23 | T64: 19 | U64: 2 | V64: 23 | W64: 22 | X64: 1 | Y64: 23 | Z64: =SUM(W64,X64,Y64) -> 46 | AA64: 65 | AB64: 90 | AC64: 0 | AD64: 0 | AE64: 0 | AF64: 1 | AG64: 20 | AH64: 1 | AI64: 1
D65: 60 | E65: 2 | F65: 4 | G65: 13 | H65: 0 | I65: 16 | J65: 5 | K65: 2 | L65: 14 | M65: 9 | N65: 1 | O65: 15 | P65: =SUM(M65,Q65,N65,O65) -> 34 | Q65: 9 | R65: 2 | S65: 14 | T65: 4 | U65: 9 | V65: 6 | W65: 6 | X65: 5 | Y65: 10 | Z65: =SUM(W65,X65,Y65) -> 21 | AA65: 50 | AB65: 55 | AC65: 0 | AD65: 0 | AE65: 0 | AF65: 1 | AG65: 18 | AH65: 2 | AI65: 1
D66: 61 | E66: 1 | F66: 1 | Q66: 1 | R66: 4 | S66: 2 | T66: 1 | U66: 2 | V66: 3 | W66: 1 | X66: 2 | Y66: 3 | Z66: =SUM(W66,X66,Y66) -> 6 | AA66: 50 | AB66: 25 | AC66: 0 | AD66: 0 | AE66: 0 | AF66: 2 | AG66: 19 | AH66: 1 | AI66: 1
D67: 62 | E67: 1 | F67: 2 | Q67: 0 | R67: 14 | S67: 0 | T67: 0 | U67: 13 | V67: 0 | W67: 0 | X67: 14 | Y67: 0 | Z67: =SUM(W67,X67,Y67) -> 14 | AA67: 70 | AB67: 90 | AC67: 0 | AD67: 0 | AE67: 0 | AF67: 1 | AG67: 18 | AH67: 1 | AI67: 1
D68: 63 | E68: 1 | F68: 3 | Q68: 12 | R68: 0 | S68: 2 | T68: 7 | U68: 0 | V68: 2 | W68: 9 | X68: 0 | Y68: 2 | Z68: =SUM(W68,X68,Y68) -> 11 | AA68: 50 | AB68: 30 | AC68: 0 | AD68: 0 | AE68: 0 | AF68: 2 | AG68: 18 | AH68: 1 | AI68: 1
D69: 64 | E69: 1 | F69: 4 | Q69: 4 | R69: 6 | S69: 20 | T69: 5 | U69: 10 | V69: 16 | W69: 4 | X69: 8 | Y69: 18 | Z69: =SUM(W69,X69,Y69) -> 30 | AA69: 30 | AB69: 80 | AC69: 0 | AD69: 0 | AE69: 0 | AF69: 1 | AG69: 19 | AH69: 2 | AI69: 1
D70: 65 | E70: 2 | F70: 1 | G70: 1 | H70: 3 | I70: 2 | J70: 1 | K70: 3 | L70: 2 | M70: 1 | N70: 3 | O70: 2 | P70: =SUM(M70,Q70,N70,O70) -> 6 | Q70: 0 | R70: 0 | S70: 1 | T70: 0 | U70: 0 | V70: 1 | W70: 0 | X70: 0 | Y70: 1 | Z70: =SUM(W70,X70,Y70) -> 1 | AA70: 30 | AB70: 10 | AC70: 0 | AD70: 0 | AE70: 0 | AF70: 1 | AG70: 18 | AH70: 1 | AI70: 1
D71: 66 | E71: 2 | F71: 2 | G71: 3 | H71: 0 | I71: 4 | J71: 2 | K71: 0 | L71: 4 | M71: 3 | N71: 0 | O71: 4 | P71: =SUM(M71,Q71,N71,O71) -> 7 | Q71: 0 | R71: 1 | S71: 3 | T71: 1 | U71: 1 | V71: 2 | W71: 0 | X71: 1 | Y71: 3 | Z71: =SUM(W71,X71,Y71) -> 4 | AA71: 10 | AB71: 20 | AC71: 0 | AD71: 0 | AE71: 0 | AF71: 1 | AG71: 19 | AH71: 1 | AI71: 1
D72: 67 | E72: 2 | F72: 3 | G72: 6 | H72: 0 | I72: 6 | J72: 6 | K72: 1 | L72: 4 | M72: 6 | N72: 0 | O72: 6 | P72: =SUM(M72,Q72,N72,O72) -> 23 | Q72: 11 | R72: 0 | S72: 1 | T72: 1 | U72: 0 | V72: 1 | W72: 6 | X72: 0 | Y72: 1 | Z72: =SUM(W72,X72,Y72) -> 7 | AA72: 60 | AB72: 5 | AC72: 0 | AD72: 0 | AE72: 0 | AF72: 1 | AG72: 19 | AH72: 1 | AI72: 1
D73: 68 | E73: 2 | F73: 4 | G73: 11 | H73: 0 | I73: 2 | J73: 10 | K73: 1 | L73: 1 | M73: 10 | N73: 1 | O73: 2 | P73: =SUM(M73,Q73,N73,O73) -> 22 | Q73: 9 | R73: 0 | S73: 2 | T73: 11 | U73: 2 | V73: 0 | W73: 10 | X73: 1 | Y73: 1 | Z73: =SUM(W73,X73,Y73) -> 12 | AA73: 10 | AB73: 5 | AC73: 0 | AD73: 0 | AE73: 0 | AF73: 1 | AG73: 19 | AH73: 2 | AI73: 1
D74: 69 | E74: 1 | F74: 1 | Q74: 0 | R74: 0 | S74: 1 | T74: 0 | U74: 0 | V74: 1 | W74: 0 | X74: 0 | Y74: 1 | Z74: =SUM(W74,X74,Y74) -> 1 | AA74: 80 | AB74: 10 | AC74: 0 | AD74: 0 | AE74: 0 | AF74: 1 | AG74: 20 | AH74: 1 | AI74: 1
D75: 70 | E75: 1 | F75: 2 | Q75: 3 | R75: 0 | S75: 0 | T75: 3 | U75: 0 | V75: 0 | W75: 3 | X75: 0 | Y75: 0 | Z75: =SUM(W75,X75,Y75) -> 3 | AA75: 25 | AB75: 10 | AC75: 0 | AD75: 0 | AE75: 0 | AF75: 1 | AG75: 20 | AH75: 1 | AI75: 1
D76: 71 | E76: 1 | F76: 3 | Q76: 8 | R76: 1 | S76: 4 | T76: 3 | U76: 0 | V76: 4 | W76: 5 | X76: 0 | Y76: 4 | Z76: =SUM(W76,X76,Y76) -> 9 | AA76: 3 | AB76: 15 | AC76: 0 | AD76: 0 | AE76: 0 | AF76: 2 | AG76: 19 | AH76: 1 | AI76: 1
D77: 72 | E77: 1 | F77: 4 | Q77: 8 | R77: 1 | S77: 4 | T77: 8 | U77: 0 | V77: 5 | W77: 8 | X77: 0 | Y77: 5 | Z77: =SUM(W77,X77,Y77) -> 13 | AA77: 2 | AB77: 40 | AC77: 0 | AD77: 0 | AE77: 0 | AF77: 2 | AG77: 18 | AH77: 1 | AI77: 1
D78: 73 | E78: 2 | F78: 1 | G78: 0 | H78: 3 | I78: 12 | J78: 0 | K78: 3 | L78: 12 | M78: 0 | N78: 3 | O78: 12 | P78: =SUM(M78,Q78,N78,O78) -> 15 | Q78: 0 | R78: 1 | S78: 9 | T78: 0 | U78: 1 | V78: 9 | W78: 0 | X78: 1 | Y78: 9 | Z78: =SUM(W78,X78,Y78) -> 10 | AA78: 85 | AB78: 80 | AC78: 0 | AD78: 0 | AE78: 0 | AF78: 1 | AG78: 20 | AH78: 1 | AI78: 1
D79: 74 | E79: 2 | F79: 2 | G79: 1 | H79: 1 | I79: 14 | J79: 1 | K79: 1 | L79: 14 | M79: 1 | N79: 1 | O79: 14 | P79: =SUM(M79,Q79,N79,O79) -> 16 | Q79: 0 | R79: 0 | S79: 17 | T79: 0 | U79: 0 | V79: 17 | W79: 0 | X79: 0 | Y79: 17 | Z79: =SUM(W79,X79,Y79) -> 17 | AA79: 100 | AB79: 85 | AC79: 0 | AD79: 0 | AE79: 0 | AF79: 1 | AG79: 18 | AH79: 1 | AI79: 1
D80: 75 | E80: 2 | F80: 3 | G80: 1 | H80: 1 | I80: 4 | J80: 1 | K80: 3 | L80: 2 | M80: 1 | N80: 1 | O80: 4 | P80: =SUM(M80,Q80,N80,O80) -> 13 | Q80: 7 | R80: 1 | S80: 2 | T80: 4 | U80: 3 | V80: 0 | W80: 5 | X80: 2 | Y80: 1 | Z80: =SUM(W80,X80,Y80) -> 8 | AA80: 3 | AB80: 10 | AC80: 0 | AD80: 0 | AE80: 0 | AF80: 1 | AG80: 18 | AH80: 1 | AI80: 1
D81: 76 | E81: 2 | F81: 4 | G81: 13 | H81: 1 | I81: 8 | J81: 8 | K81: 1 | L81: 9 | M81: 12 | N81: 1 | O81: 9 | P81: =SUM(M81,Q81,N81,O81) -> 32 | Q81: 10 | R81: 0 | S81: 11 | T81: 8 | U81: 0 | V81: 11 | W81: 9 | X81: 0 | Y81: 11 | Z81: =SUM(W81,X81,Y81) -> 20 | AA81: 95 | AB81: 98 | AC81: 0 | AD81: 0 | AE81: 0 | AF81: 1 | AG81: 19 | AH81: 1 | AI81: 1
D82: 77 | E82: 1 | F82: 1 | Q82: 0 | R82: 12 | S82: 4 | T82: 0 | U82: 12 | V82: 4 | W82: 0 | X82: 12 | Y82: 4 | Z82: =SUM(W82,X82,Y82) -> 16 | AA82: 20 | AB82: 30 | AC82: 1 | AD82: 1 | AE82: 1 | AF82: 2 | AG82: 19 | AH82: 1 | AI82: 1
D83: 78 | E83: 1 | F83: 2 | Q83: 4 | R83: 0 | S83: 5 | T83: 4 | U83: 0 | V83: 5 | W83: 4 | X83: 0 | Y83: 5 | Z83: =SUM(W83,X83,Y83) -> 9 | AA83: 40 | AB83: 30 | AC83: 0 | AD83: 0 | AE83: 0 | AF83: 2 | AG83: 18 | AH83: 2 | AI83: 1
D84: 79 | E84: 1 | F84: 3 | Q84: 18 | R84: 3 | S84: 2 | T84: 13 | U84: 2 | V84: 3 | W84: 15 | X84: 2 | Y84: 3 | Z84: =SUM(W84,X84,Y84) -> 20 | AA84: 1 | AB84: 40 | AC84: 0 | AD84: 0 | AE84: 0 | AF84: 1 | AG84: 21 | AH84: 1 | AI84: 1
D85: 80 | E85: 1 | F85: 4 | Q85: 2 | R85: 4 | S85: 3 | T85: 1 | U85: 4 | V85: 3 | W85: 2 | X85: 4 | Y85: 3 | Z85: =SUM(W85,X85,Y85) -> 9 | AA85: 0 | AB85: 12 | AC85: 0 | AD85: 0 | AE85: 0 | AF85: 2 | AG85: 19 | AH85: 1 | AI85: 1
D86: 81 | E86: 2 | F86: 1 | G86: 3 | H86: 4 | I86: 0 | J86: 3 | K86: 4 | L86: 0 | M86: 3 | N86: 4 | O86: 0 | P86: =SUM(M86,Q86,N86,O86) -> 7 | Q86: 0 | R86: 3 | S86: 0 | T86: 0 | U86: 3 | V86: 0 | W86: 0 | X86: 3 | Y86: 0 | Z86: =SUM(W86,X86,Y86) -> 3 | AA86: 50 | AB86: 70 | AC86: 0 | AD86: 0 | AE86: 0 | AF86: 2 | AG86: 20 | AH86: 2 | AI86: 1
D87: 82 | E87: 2 | F87: 2 | G87: 1 | H87: 0 | I87: 8 | J87: 0 | K87: 0 | L87: 8 | M87: 1 | N87: 0 | O87: 8 | P87: =SUM(M87,Q87,N87,O87) -> 16 | Q87: 7 | R87: 0 | S87: 11 | T87: 2 | U87: 0 | V87: 11 | W87: 4 | X87: 0 | Y87: 11 | Z87: =SUM(W87,X87,Y87) -> 15 | AA87: 60 | AB87: 70 | AC87: 0 | AD87: 0 | AE87: 0 | AF87: 1 | AG87: 20 | AH87: 2 | AI87: 1
D88: 83 | E88: 2 | F88: 3 | G88: 7 | H88: 0 | I88: 5 | J88: 4 | K88: 3 | L88: 2 | M88: 5 | N88: 1 | O88: 4 | P88: =SUM(M88,Q88,N88,O88) -> 21 | Q88: 11 | R88: 0 | S88: 11 | T88: 2 | U88: 3 | V88: 9 | W88: 6 | X88: 1 | Y88: 10 | Z88: =SUM(W88,X88,Y88) -> 17 | AA88: 30 | AB88: 55 | AC88: 0 | AD88: 0 | AE88: 0 | AF88: 2 | AG88: 18 | AH88: 1 | AI88: 1
D89: 84 | E89: 2 | F89: 4 | G89: 10 | H89: 2 | I89: 9 | J89: 7 | K89: 3 | L89: 8 | M89: 8 | N89: 2 | O89: 9 | P89: =SUM(M89,Q89,N89,O89) -> 41 | Q89: 22 | R89: 0 | S89: 7 | T89: 14 | U89: 1 | V89: 7 | W89: 18 | X89: 0 | Y89: 7 | Z89: =SUM(W89,X89,Y89) -> 25 | AA89: 70 | AB89: 50 | AC89: 0 | AD89: 0 | AE89: 0 | AF89: 1 | AG89: 20 | AH89: 1 | AI89: 1

Sheet summarystats
A1: Correct responses
B2: Concentration | C2: Suppression
A3: High time pressure | B3: =AVERAGEIF(testdata!$E$2:$E$11, "Concentration", testdata!#REF!) -> #REF! | C3: =AVERAGEIF(testdata!$E$2:$E$11, "Suppression", testdata!#REF!) -> #REF!
A4: Low time pressure | B4: =AVERAGEIF(testdata!$E$2:$E$11, "Concentration", testdata!#REF!) -> #REF! | C4: =AVERAGEIF(testdata!$E$2:$E$11, "Suppression", testdata!#REF!) -> #REF!
A6: RT responses
B7: Concentration | C7: Suppression
A8: High time pressure | B8: =AVERAGEIF(testdata!$E$2:$E$11, "Concentration", testdata!#REF!) -> #REF! | C8: =AVERAGEIF(testdata!$E$2:$E$11, "Suppression", testdata!#REF!) -> #REF!
A9: Low time pressure | B9: =AVERAGEIF(testdata!$E$2:$E$11, "Concentration", testdata!#REF!) -> #REF! | C9: =AVERAGEIF(testdata!$E$2:$E$11, "Suppression", testdata!#REF!) -> #REF!
