Workbook

Sheet Meilan (before resolving)
A1: Notes: | D1: ParticipantID | E1: Condition | F1: Targetword | G1: A_period.1.coder1 | H1: B_period.1.coder1 | I1: C_period.1.coder1 | J1: A_period.1.coder2 | K1: B_period.1.coder2 | L1: C_period.1.coder2 | M1: A_period.1.final | N1: B_period.1.final | O1: C_period.1.final | P1: sum.of.ABC_period.1.final | Q1: A_period.2.coder1 | R1: B_period.2.coder1 | S1: C_period.2.coder1 | T1: A_period.2.coder2 | U1: B_period.2.coder2 | V1: C_period.2.coder2 | W1: A_period.2.final | X1: B_period.2.final | Y1: C_period.2.final | Z1: sum.ABC_period2.final | AA1: Percentage.round.1 | AB1: Percentage.round.2 | AC1: probe.coder1 | AD1: probe.coder2 | AE1: probe.final | AF1: MC | AG1: age | AH1: gender | AI1: Compliance
A2: Condition (initial suppression = 1, initial concentration = 2) | C2: Example | D2: 1001 | E2: 1 | F2: 1 | G2: 18 | H2: 4 | I2: 8 | J2: 18 | K2: 4 | L2: 8 | M2: 18 | N2: 4 | O2: 8 | P2: =SUM(M2,Q2,N2,O2) -> 44 | Q2: 14 | R2: 15 | S2: 20 | T2: 14 | U2: 15 | V2: 20 | W2: 14 | X2: 15 | Y2: 20 | Z2: =SUM(W2,X2,Y2) -> 49 | AC2: 0 | AD2: 0 | AE2: 0 | AF2: 1 (think) | AG2: 30 | AH2: 1 | AI2: 1 (yes)
A3: Target word (gorilla = 1, tiger = 2, food = 3, diseases = 4) | D3: 1002 | E3: 1 | F3: 2 | G3: 18 | H3: 16 | I3: 16 | J3: 18 | K3: 16 | L3: 16 | M3: 18 | N3: 16 | O3: 16 | P3: =SUM(M3,Q3,N3,O3) -> 63 | Q3: 13 | R3: 16 | S3: 15 | T3: 13 | U3: 16 | V3: 15 | W3: 13 | X3: 16 | Y3: 15 | Z3: =SUM(W3,X3,Y3) -> 44 | AC3: 0 | AD3: 1 | AE3: 0 | AF3: 1 | AG3: 25 | AH3: 1 | AI3: 1
A4: Participant ID should start from 121 rather than 001 | D4: 1003 | E4: 2 | F4: 3 | G4: 2 | H4: 3 | I4: 19 | J4: 2 | K4: 3 | L4: 19 | M4: 2 | N4: 3 | O4: 19 | P4: =SUM(M4,Q4,N4,O4) -> 37 | Q4: 13 | R4: 3 | S4: 5 | T4: 13 | U4: 3 | V4: 5 | W4: 13 | X4: 3 | Y4: 5 | Z4: =SUM(W4,X4,Y4) -> 21 | AC4: 0 | AD4: 0 | AE4: 0 | AF4: 2 (not think) | AG4: 26 | AH4: 2 | AI4: 1
A5: A = number of target thought mentions only, B = number of bell rings only, C = number of thought mentions and bell rings at the same time | D5: 1004 | E5: 2 | F5: 4 | G5: 20 | H5: 13 | I5: 2 | J5: 20 | K5: 13 | L5: 2 | M5: 20 | N5: 13 | O5: 2 | P5: =SUM(M5,Q5,N5,O5) -> 43 | Q5: 8 | R5: 14 | S5: 12 | T5: 8 | U5: 14 | V5: 12 | W5: 8 | X5: 14 | Y5: 12 | Z5: =SUM(W5,X5,Y5) -> 34 | AC5: 1 | AD5: 1 | AE5: 1 | AF5: 2 | AG5: 18 | AH5: 2 | AI5: 1
A6: Period 1 only needs to be completed for initial concentration group | C6: Start data entry here from 1 onwards | D6: 100161 | E6: 1 | F6: 1 | T6: 0 | U6: 0 | V6: 0 | AA6: 0 | AB6: 1 | AD6: 0 | AF6: 2 | AG6: 20 | AH6: 1 | AI6: 1
A7: Final = results after resolving any inter-coder discrepancies | D7: 104496 | E7: 1 | F7: 2 | T7: 0 | U7: 0 | V7: 0 | AA7: 0 | AB7: 10 | AD7: 0 | AF7: 2 | AG7: 19 | AH7: 1 | AI7: 1
A8: Percentage = % time participant indicate to be thinking about target thought | D8: 117872 | E8: 2 | F8: 2 | J8: 24 | K8: 5 | L8: 12 | AA8: 0 | AB8: 60 | AD8: 0 | AF8: 1 | AG8: 23 | AH8: 2 | AI8: 1
A9: Probe: did participant fail probe - 1 = yes, 0 = no (to be completed | D9: 120073 | E9: 2 | F9: 2 | J9: 16 | K9: 0 | L9: 3 | AA9: 0 | AB9: 60 | AD9: 0 | AF9: 1 | AG9: 20 | AH9: 1 | AI9: 1
A10: by two independent coders AFTER termination of data collection) | D10: 122535 | E10: 1 | F10: 1 | T10: 0 | U10: 3 | V10: 0 | AA10: 0 | AB10: 40 | AD10: 1 | AF10: 2 | AG10: 22 | AH10: 1 | AI10: 1
A11: MC = manipulation check (think = 1, not think = 2) | D11: 128377 | E11: 2 | F11: 1 | J11: 21 | K11: 4 | L11: 6 | AA11: 0 | AB11: 60 | AD11: 0 | AF11: 1 | AG11: 23 | AH11: 2 | AI11: 1
A12: Gender: female = 1, male = 2, other = 3, prefer not to say = 4 | D12: 143217 | E12: 2 | F12: 4 | J12: 33 | K12: 1 | L12: 5 | AA12: 85 | AB12: 87 | AD12: 0 | AF12: 1 | AG12: 22 | AH12: 1 | AI12: 1
A13: Compliance: complied with experimental instructions? Yes = 1, No = 2 | D13: 155583 | E13: 2 | F13: 1 | J13: 28 | K13: 4 | L13: 5 | AA13: 0 | AB13: 70 | AD13: 0 | AF13: 1 | AG13: 19 | AH13: 1 | AI13: 1
D14: 160903 | E14: 2 | F14: 4 | J14: 26 | K14: 0 | L14: 7 | AA14: 0 | AB14: 90 | AD14: 0 | AF14: 1 | AG14: 20 | AH14: 1 | AI14: 1
D15: 170171 | E15: 1 | F15: 4 | T15: 0 | U15: 4 | V15: 0 | AA15: 0 | AB15: 40 | AD15: 1 | AF15: 2 | AG15: 19 | AH15: 1 | AI15: 1
D16: 194097 | E16: 2 | F16: 1 | J16: 9 | K16: 9 | L16: 8 | AA16: 0 | AB16: 80 | AD16: 0 | AF16: 1 | AG16: 20 | AH16: 1 | AI16: 1
D17: 197532 | E17: 2 | F17: 4 | J17: 12 | K17: 0 | L17: 9 | AA17: 0 | AB17: 90 | AD17: 0 | AF17: 1 | AG17: 21 | AH17: 1 | AI17: 1
D18: 197689 | E18: 1 | F18: 3 | T18: 1 | U18: 7 | V18: 0 | AA18: 2 | AB18: 65 | AD18: 1 | AF18: 2 | AG18: 23 | AH18: 1 | AI18: 2
D19: 199134 | E19: 1 | F19: 3 | T19: 0 | U19: 3 | V19: 1 | AA19: 50 | AB19: 20 | AD19: 1 | AF19: 2 | AG19: 20 | AH19: 1 | AI19: 1
D20: 203165 | E20: 1 | F20: 2 | T20: 3 | U20: 4 | V20: 7 | AA20: 0 | AB20: 20 | AD20: 1 | AF20: 2 | AG20: 18 | AH20: 1 | AI20: 1
D21: 205813 | E21: 1 | F21: 1 | T21: 2 | U21: 3 | V21: 0 | AA21: 0 | AB21: 2 | AD21: 1 | AF21: 2 | AG21: 19 | AH21: 1 | AI21: 1
D22: 215393 | E22: 1 | F22: 3 | T22: 0 | U22: 8 | V22: 2 | AA22: 0 | AB22: 40 | AD22: 1 | AF22: 2 | AG22: 19 | AH22: 1 | AI22: 1
D23: 222449 | E23: 1 | F23: 1 | T23: 0 | U23: 0 | V23: 0 | AA23: 0 | AB23: 20 | AD23: 0 | AF23: 2 | AG23: 19 | AH23: 1 | AI23: 1
D24: 224807 | E24: 1 | F24: 2 | T24: 0 | U24: 0 | V24: 0 | AA24: 0 | AB24: 20 | AD24: 0 | AF24: 2 | AG24: 23 | AH24: 2 | AI24: 1
D25: 243885 | E25: 1 | F25: 3 | T25: 0 | U25: 0 | V25: 0 | AA25: 90 | AB25: 100 | AD25: 0 | AF25: 2 | AG25: 19 | AH25: 1 | AI25: 1
D26: 250971 | E26: 1 | F26: 2 | T26: 0 | U26: 2 | V26: 3 | AA26: 0 | AB26: 10 | AD26: 1 | AF26: 2 | AG26: 18 | AH26: 1 | AI26: 1
D27: 256240 | E27: 2 | F27: 3 | J27: 7 | K27: 19 | L27: 23 | AA27: 5 | AB27: 90 | AD27: 0 | AF27: 1 | AG27: 25 | AH27: 2 | AI27: 1
D28: 262983 | E28: 2 | F28: 2 | J28: 3 | K28: 2 | L28: 3 | AA28: 0 | AB28: 40 | AD28: 0 | AF28: 1 | AG28: 19 | AH28: 1 | AI28: 1
D29: 264413 | E29: 2 | F29: 3 | J29: 11 | K29: 5 | L29: 10 | AA29: 10 | AB29: 90 | AD29: 0 | AF29: 1 | AG29: 19 | AH29: 1 | AI29: 1
D30: 265399 | E30: 2 | F30: 3 | J30: 28 | K30: 1 | L30: 8 | AA30: 0 | AB30: 100 | AD30: 0 | AF30: 1 | AG30: 21 | AH30: 1 | AI30: 1
D31: 277194 | E31: 1 | F31: 1 | T31: 0 | U31: 2 | V31: 0 | AA31: 0 | AB31: 20 | AD31: 1 | AF31: 2 | AG31: 21 | AH31: 1 | AI31: 1
D32: 310918 | E32: 2 | F32: 4 | J32: 21 | K32: 6 | L32: 0 | AA32: 0 | AB32: 70 | AD32: 0 | AF32: 1 | AG32: 22 | AH32: 2 | AI32: 1
D33: 315045 | E33: 1 | F33: 3 | T33: 1 | U33: 3 | V33: 1 | AA33: 10 | AB33: 20 | AD33: 0 | AF33: 2 | AG33: 21 | AH33: 1 | AI33: 1
D34: 326586 | E34: 1 | F34: 2 | T34: 0 | U34: 2 | V34: 1 | AA34: 0 | AB34: 20 | AD34: 1 | AF34: 2 | AG34: 21 | AH34: 1 | AI34: 1
D35: 330133 | E35: 2 | F35: 3 | J35: 18 | K35: 0 | L35: 4 | AA35: 15 | AB35: 90 | AD35: 0 | AF35: 1 | AG35: 29 | AH35: 2 | AI35: 1
D36: 341963 | E36: 2 | F36: 4 | J36: 5 | K36: 0 | L36: 12 | AA36: 0 | AB36: 80 | AD36: 0 | AF36: 1 | AG36: 21 | AH36: 1 | AI36: 1
D37: 352082 | E37: 1 | F37: 1 | T37: 4 | U37: 1 | V37: 4 | AA37: 0 | AB37: 20 | AD37: 1 | AF37: 2 | AG37: 20 | AH37: 1 | AI37: 1
D38: 354902 | E38: 2 | F38: 2 | J38: 0 | K38: 3 | L38: 1 | AA38: 0 | AB38: 10 | AD38: 0 | AF38: 1 | AG38: 20 | AH38: 1 | AI38: 1
D39: 367470 | E39: 1 | F39: 1 | T39: 0 | U39: 0 | V39: 2 | AA39: 0 | AB39: 2 | AD39: 1 | AF39: 2 | AG39: 22 | AH39: 1 | AI39: 1
D40: 377404 | E40: 1 | F40: 2 | T40: 2 | U40: 5 | V40: 0 | AA40: 0 | AB40: 60 | AD40: 1 | AF40: 2 | AG40: 23 | AH40: 1 | AI40: 1
D41: 390736 | E41: 2 | F41: 3 | J41: 17 | K41: 1 | L41: 19 | AA41: 10 | AB41: 95 | AD41: 0 | AF41: 1 | AG41: 21 | AH41: 1 | AI41: 1
D42: 409475 | E42: 1 | F42: 4 | T42: 0 | U42: 2 | V42: 0 | AA42: 0 | AB42: 5 | AD42: 1 | AF42: 2 | AG42: 22 | AH42: 1 | AI42: 1
D43: 413817 | E43: 1 | F43: 2 | T43: 0 | U43: 3 | V43: 1 | AA43: 0 | AB43: 46 | AD43: 1 | AF43: 2 | AG43: 22 | AH43: 1 | AI43: 1
D44: 416519 | E44: 1 | F44: 4 | T44: 1 | U44: 3 | V44: 4 | AA44: 0 | AB44: 13 | AD44: 1 | AF44: 2 | AG44: 19 | AH44: 1 | AI44: 1
D45: 418447 | E45: 2 | F45: 2 | J45: 10 | K45: 5 | L45: 4 | AA45: 0 | AB45: 65 | AD45: 0 | AF45: 1 | AG45: 18 | AH45: 1 | AI45: 1
D46: 428071 | E46: 1 | F46: 2 | T46: 0 | U46: 1 | V46: 2 | AA46: 0 | AB46: 15 | AD46: 1 | AF46: 2 | AG46: 18 | AH46: 1 | AI46: 1
D47: 435253 | E47: 2 | F47: 4 | J47: 6 | K47: 0 | L47: 6 | AA47: 0 | AB47: 100 | AD47: 0 | AF47: 1 | AG47: 21 | AH47: 1 | AI47: 1
D48: 441477 | E48: 1 | F48: 2 | T48: 0 | U48: 5 | V48: 0 | AA48: 0 | AB48: 5 | AD48: 1 | AF48: 2 | AG48: 25 | AH48: 2 | AI48: 1
D49: 445369 | E49: 1 | F49: 3 | T49: 3 | U49: 3 | V49: 0 | AA49: 0 | AB49: 20 | AD49: 1 | AF49: 2 | AG49: 22 | AH49: 1 | AI49: 1
D50: 452604 | E50: 2 | F50: 2 | J50: 6 | K50: 0 | L50: 6 | AA50: 0 | AB50: 100 | AD50: 0 | AF50: 1 | AG50: 20 | AH50: 1 | AI50: 1
D51: 469557 | E51: 1 | F51: 4 | T51: 1 | U51: 2 | V51: 3 | AA51: 0 | AB51: 70 | AD51: 1 | AF51: 2 | AG51: 21 | AH51: 1 | AI51: 1
D52: 476484 | E52: 1 | F52: 2 | T52: 0 | U52: 3 | V52: 0 | AA52: 0 | AB52: 15 | AD52: 1 | AF52: 2 | AG52: 22 | AH52: 2 | AI52: 1
D53: 481252 | E53: 2 | F53: 4 | J53: 5 | K53: 1 | L53: 16 | AA53: 0 | AB53: 98 | AD53: 0 | AF53: 1 | AG53: 21 | AH53: 1 | AI53: 1
D54: 489998 | E54: 1 | F54: 3 | T54: 4 | U54: 2 | V54: 4 | AA54: 10 | AB54: 50 | AD54: 1 | AF54: 2 | AG54: 22 | AH54: 2 | AI54: 1
D55: 490339 | E55: 1 | F55: 3 | T55: 3 | U55: 3 | V55: 0 | AA55: 0 | AB55: 20 | AD55: 1 | AF55: 2 | AG55: 22 | AH55: 2 | AI55: 1
D56: 491278 | E56: 1 | F56: 3 | T56: 0 | U56: 0 | V56: 1 | AA56: 30 | AB56: 40 | AD56: 1 | AF56: 2 | AG56: 21 | AH56: 1 | AI56: 1
D57: 494867 | E57: 1 | F57: 1 | T57: 2 | U57: 11 | V57: 1 | AA57: 0 | AB57: 100 | AD57: 1 | AF57: 2 | AG57: 20 | AH57: 1 | AI57: 1
D58: 495372 | E58: 1 | F58: 1 | T58: 2 | U58: 3 | V58: 0 | AA58: 0 | AB58: 60 | AD58: 1 | AF58: 2 | AG58: 20 | AH58: 1 | AI58: 1
D59: 496998 | E59: 2 | F59: 3 | J59: 6 | K59: 0 | L59: 77 | AA59: 10 | AB59: 95 | AD59: 0 | AF59: 1 | AG59: 23 | AH59: 2 | AI59: 1
D60: 526851 | E60: 2 | F60: 1 | J60: 0 | K60: 9 | L60: 1 | AA60: 0 | AB60: 60 | AD60: 0 | AF60: 1 | AG60: 20 | AH60: 1 | AI60: 1
D61: 532805 | E61: 1 | F61: 3 | T61: 0 | U61: 6 | V61: 0 | AA61: 10 | AB61: 5 | AD61: 1 | AF61: 2 | AG61: 21 | AH61: 2 | AI61: 1
D62: 535423 | E62: 1 | F62: 4 | T62: 0 | U62: 0 | V62: 0 | AA62: 0 | AB62: 5 | AD62: 0 | AF62: 2 | AG62: 25 | AH62: 2 | AI62: 1
D63: 541177 | E63: 2 | F63: 2 | J63: 6 | K63: 4 | L63: 15 | AA63: 0 | AB63: 70 | AD63: 0 | AF63: 1 | AG63: 21 | AH63: 2 | AI63: 1
D64: 542791 | E64: 2 | F64: 4 | J64: 1 | K64: 6 | L64: 1 | AA64: 0 | AB64: 5 | AD64: 0 | AF64: 1 | AG64: 20 | AH64: 1 | AI64: 1
D65: 543100 | E65: 1 | F65: 2 | T65: 0 | U65: 5 | V65: 0 | AA65: 0 | AB65: 20 | AD65: 1 | AF65: 2 | AG65: 22 | AH65: 2 | AI65: 1
D66: 547114 | E66: 2 | F66: 3 | J66: 12 | K66: 2 | L66: 12 | AA66: 20 | AB66: 90 | AD66: 0 | AF66: 1 | AG66: 21 | AH66: 1 | AI66: 1
D67: 557171 | E67: 2 | F67: 4 | J67: 10 | K67: 10 | L67: 9 | AA67: 0 | AB67: 80 | AD67: 0 | AF67: 1 | AG67: 22 | AH67: 1 | AI67: 1
D68: 557703 | E68: 1 | F68: 3 | T68: 0 | U68: 0 | V68: 0 | AA68: 25 | AB68: 0 | AD68: 0 | AF68: 2 | AG68: 18 | AH68: 1 | AI68: 1
D69: 587625 | E69: 2 | F69: 4 | J69: 8 | K69: 5 | L69: 6 | AA69: 0 | AB69: 65 | AD69: 0 | AF69: 1 | AG69: 20 | AH69: 1 | AI69: 1
D70: 594345 | E70: 2 | F70: 1 | J70: 0 | K70: 8 | L70: 0 | AA70: 0 | AB70: 40 | AD70: 0 | AF70: 1 | AG70: 20 | AH70: 1 | AI70: 1
D71: 599127 | E71: 1 | F71: 4 | T71: 1 | U71: 3 | V71: 1 | AA71: 0 | AB71: 15 | AD71: 1 | AF71: 2 | AG71: 24 | AH71: 2 | AI71: 1
D72: 605412 | E72: 2 | F72: 1 | J72: 8 | K72: 0 | L72: 0 | AA72: 0 | AB72: 60 | AD72: 0 | AF72: 1 | AG72: 22 | AH72: 1 | AI72: 1
D73: 608930 | E73: 1 | F73: 1 | T73: 1 | U73: 3 | V73: 0 | AA73: 0 | AB73: 15 | AD73: 1 | AF73: 2 | AG73: 22 | AH73: 2 | AI73: 1
D74: 609217 | E74: 1 | F74: 1 | T74: 0 | U74: 0 | V74: 0 | AA74: 0 | AB74: 8 | AD74: 0 | AF74: 2 | AG74: 21 | AH74: 2 | AI74: 1
D75: 610784 | E75: 2 | F75: 3 | J75: 23 | K75: 1 | L75: 3 | AA75: 0 | AB75: 80 | AD75: 0 | AF75: 1 | AG75: 20 | AH75: 2 | AI75: 1
D76: 623053 | E76: 1 | F76: 3 | T76: 2 | U76: 1 | V76: 0 | AA76: 0 | AB76: 20 | AD76: 1 | AF76: 2 | AG76: 20 | AH76: 1 | AI76: 1
D77: 633302 | E77: 2 | F77: 1 | J77: 0 | K77: 6 | L77: 0 | AA77: 0 | AB77: 30 | AD77: 1 | AF77: 1 | AG77: 19 | AH77: 1 | AI77: 1
D78: 639735 | E78: 2 | F78: 3 | J78: 16 | K78: 8 | L78: 0 | AA78: 0 | AB78: 85 | AD78: 0 | AF78: 1 | AG78: 19 | AH78: 1 | AI78: 1
D79: 645442 | E79: 1 | F79: 2 | T79: 0 | U79: 0 | V79: 0 | AA79: 0 | AB79: 20 | AD79: 0 | AF79: 2 | AG79: 23 | AH79: 2 | AI79: 1
D80: 653675 | E80: 1 | F80: 2 | T80: 2 | U80: 0 | V80: 1 | AA80: 0 | AB80: 30 | AD80: 1 | AF80: 2 | AG80: 20 | AH80: 1 | AI80: 1
D81: 665958 | E81: 2 | F81: 1 | J81: 11 | K81: 0 | L81: 3 | AA81: 0 | AB81: 80 | AD81: 0 | AF81: 1 | AG81: 18 | AH81: 3 | AI81: 1
D82: 670992 | E82: 1 | F82: 1 | T82: 2 | U82: 1 | V82: 0 | AA82: 0 | AB82: 10 | AD82: 1 | AF82: 2 | AG82: 19 | AH82: 1 | AI82: 1
D83: 702138 | E83: 2 | F83: 1 | J83: 6 | K83: 1 | L83: 6 | AA83: 0 | AB83: 40 | AD83: 0 | AF83: 1 | AG83: 20 | AH83: 1 | AI83: 1
D84: 720290 | E84: 2 | F84: 4 | J84: 11 | K84: 0 | L84: 17 | AA84: 0 | AB84: 100 | AD84: 0 | AF84: 1 | AG84: 20 | AH84: 1 | AI84: 1
D85: 726223 | E85: 1 | F85: 2 | T85: 0 | U85: 2 | V85: 0 | AA85: 0 | AB85: 30 | AD85: 1 | AF85: 2 | AG85: 22 | AH85: 2 | AI85: 1
D86: 736700 | E86: 2 | F86: 2 | J86: 11 | K86: 6 | L86: 17 | AA86: 0 | AB86: 85 | AD86: 0 | AF86: 1 | AG86: 23 | AH86: 2 | AI86: 1
D87: 741394 | E87: 1 | F87: 3 | T87: 2 | U87: 2 | V87: 0 | AA87: 18 | AB87: 80 | AD87: 1 | AF87: 2 | AG87: 21 | AH87: 1 | AI87: 1
D88: 741553 | E88: 1 | F88: 3 | T88: 1 | U88: 5 | V88: 4 | AA88: 0 | AB88: 60 | AD88: 1 | AF88: 2 | AG88: 21 | AH88: 1 | AI88: 1
D89: 747659 | E89: 2 | F89: 2 | J89: 2 | K89: 4 | L89: 8 | AA89: 0 | AB89: 35 | AD89: 0 | AF89: 1 | AG89: 21 | AH89: 1 | AI89: 1
D90: 748197 | E90: 1 | F90: 4 | T90: 0 | U90: 6 | V90: 1 | AA90: 5 | AB90: 70 | AD90: 1 | AF90: 2 | AG90: 21 | AH90: 1 | AI90: 1
D91: 760106 | E91: 1 | F91: 1 | T91: 0 | U91: 1 | V91: 1 | AA91: 0 | AB91: 5 | AD91: 1 | AF91: 2 | AG91: 19 | AH91: 1 | AI91: 1
D92: 768110 | E92: 2 | F92: 1 | J92: 1 | K92: 13 | L92: 20 | AA92: 0 | AB92: 65 | AD92: 0 | AF92: 1 | AG92: 20 | AH92: 1 | AI92: 1
D93: 771088 | E93: 1 | F93: 2 | T93: 0 | U93: 3 | V93: 0 | AA93: 0 | AB93: 30 | AD93: 1 | AF93: 2 | AG93: 20 | AH93: 1 | AI93: 1
D94: 773742 | E94: 2 | F94: 2 | J94: 0 | K94: 2 | L94: 6 | AA94: 0 | AB94: 40 | AD94: 0 | AF94: 1 | AG94: 20 | AH94: 1 | AI94: 1
D95: 784958 | E95: 2 | F95: 3 | J95: 7 | K95: 3 | L95: 50 | AA95: 0 | AB95: 90 | AD95: 0 | AF95: 1 | AG95: 22 | AH95: 1 | AI95: 1
D96: 792507 | E96: 2 | F96: 4 | J96: 1 | K96: 1 | L96: 13 | AA96: 0 | AB96: 100 | AD96: 0 | AF96: 1 | AG96: 20 | AH96: 1 | AI96: 1
D97: 793439 | E97: 2 | F97: 2 | J97: 26 | K97: 3 | L97: 0 | AA97: 0 | AB97: 90 | AD97: 0 | AF97: 1 | AG97: 21 | AH97: 1 | AI97: 1
D98: 798936 | E98: 2 | F98: 3 | J98: 18 | K98: 11 | L98: 40 | AA98: 10 | AB98: 95 | AD98: 0 | AF98: 1 | AG98: 22 | AH98: 1 | AI98: 1
D99: 801742 | E99: 2 | F99: 2 | J99: 2 | K99: 10 | L99: 2 | AA99: 0 | AB99: 80 | AD99: 0 | AF99: 1 | AG99: 20 | AH99: 1 | AI99: 1
D100: 805385 | E100: 2 | F100: 1 | J100: 8 | K100: 1 | L100: 3 | AA100: 0 | AB100: 50 | AD100: 0 | AF100: 1 | AG100: 21 | AH100: 1 | AI100: 1
...

Sheet Noelle (resolving)
A1: Notes: | D1: ParticipantID | E1: Condition | F1: Targetword | G1: A_period.1.coder1 | H1: B_period.1.coder1 | I1: C_period.1.coder1 | J1: A_period.1.coder2 | K1: B_period.1.coder2 | L1: C_period.1.coder2 | M1: A_period.1.final | N1: B_period.1.final | O1: C_period.1.final | P1: sum.of.ABC_period.1.final | Q1: A_period.2.coder1 | R1: B_period.2.coder1 | S1: C_period.2.coder1 | T1: A_period.2.coder2 | U1: B_period.2.coder2 | V1: C_period.2.coder2 | W1: A_period.2.final | X1: B_period.2.final | Y1: C_period.2.final | Z1: sum.ABC_period2.final | AA1: Percentage.round.1 | AB1: Percentage.round.2 | AC1: probe.coder1 | AD1: probe.coder2 | AE1: probe.final | AF1: MC | AG1: age | AH1: gender | AI1: Compliance
A2: Condition (initial suppression = 1, initial concentration = 2) | C2: Example | D2: 1001 | E2: 1 | F2: 1 | G2: 18 | H2: 4 | I2: 8 | J2: 18 | K2: 4 | L2: 8 | M2: 18 | N2: 4 | O2: 8 | P2: =SUM(M2,Q2,N2,O2) -> 44 | Q2: 14 | R2: 15 | S2: 20 | T2: 14 | U2: 15 | V2: 20 | W2: 14 | X2: 15 | Y2: 20 | Z2: =SUM(W2,X2,Y2) -> 49 | AC2: 0 | AD2: 0 | AE2: 0 | AF2: 1 | AG2: 30 | AH2: 1 | AI2: 1
A3: Target word (gorilla = 1, tiger = 2, food = 3, diseases = 4) | D3: 1002 | E3: 1 | F3: 2 | G3: 18 | H3: 16 | I3: 16 | J3: 18 | K3: 16 | L3: 16 | M3: 18 | N3: 16 | O3: 16 | P3: =SUM(M3,Q3,N3,O3) -> 63 | Q3: 13 | R3: 16 | S3: 15 | T3: 13 | U3: 16 | V3: 15 | W3: 13 | X3: 16 | Y3: 15 | Z3: =SUM(W3,X3,Y3) -> 44 | AC3: 0 | AD3: 1 | AE3: 0 | AF3: 1 | AG3: 25 | AH3: 1 | AI3: 1
A4: Participant ID should start from 121 rather than 001 | D4: 1003 | E4: 2 | F4: 3 | G4: 2 | H4: 3 | I4: 19 | J4: 2 | K4: 3 | L4: 19 | M4: 2 | N4: 3 | O4: 19 | P4: =SUM(M4,Q4,N4,O4) -> 37 | Q4: 13 | R4: 3 | S4: 5 | T4: 13 | U4: 3 | V4: 5 | W4: 13 | X4: 3 | Y4: 5 | Z4: =SUM(W4,X4,Y4) -> 21 | AC4: 0 | AD4: 0 | AE4: 0 | AF4: 2 | AG4: 26 | AH4: 2 | AI4: 1
A5: A = number of target thought mentions only, B = number of bell rings only, C = number of thought mentions and bell rings at the same time | D5: 1004 | E5: 2 | F5: 4 | G5: 20 | H5: 13 | I5: 2 | J5: 20 | K5: 13 | L5: 2 | M5: 20 | N5: 13 | O5: 2 | P5: =SUM(M5,Q5,N5,O5) -> 43 | Q5: 8 | R5: 14 | S5: 12 | T5: 8 | U5: 14 | V5: 12 | W5: 8 | X5: 14 | Y5: 12 | Z5: =SUM(W5,X5,Y5) -> 34 | AC5: 1 | AD5: 1 | AE5: 1 | AF5: 2 | AG5: 18 | AH5: 2 | AI5: 1
A6: Period 1 only needs to be completed for initial concentration group | C6: Start data entry here from 1 onwards | D6: 100161 | E6: 1 | F6: 1 | Q6: 0 | R6: 0 | S6: 0 | AA6: 0 | AB6: 1 | AC6: 0 | AF6: 2 | AG6: 20 | AH6: 1 | AI6: 1
A7: Final = results after resolving any inter-coder discrepancies | D7: 104496 | E7: 1 | F7: 2 | Q7: 0 | R7: 0 | S7: 0 | AA7: 0 | AB7: 10 | AC7: 0 | AF7: 1 | AG7: 19 | AH7: 1 | AI7: 1
A8: Percentage = % time participant indicate to be thinking about target thought | D8: 117872 | E8: 2 | F8: 2 | G8: 20 | H8: 7 | I8: 14 | AA8: 0 | AB8: 60 | AC8: 0 | AF8: 1 | AG8: 23 | AH8: 2 | AI8: 1
A9: Probe: did participant fail probe - 1 = yes, 0 = no (to be completed | D9: 120073 | E9: 2 | F9: 2 | G9: 21 | H9: 0 | I9: 3 | AA9: 0 | AB9: 60 | AC9: 0 | AF9: 1 | AG9: 20 | AH9: 1 | AI9: 1
A10: by two independent coders AFTER termination of data collection) | D10: 122535 | E10: 1 | F10: 1 | Q10: 0 | R10: 1 | S10: 0 | AA10: 0 | AB10: 40 | AC10: 0 | AF10: 2 | AG10: 22 | AH10: 1 | AI10: 1
A11: MC = manipulation check (think = 1, not think = 2) | D11: 128377 | E11: 2 | F11: 1 | G11: 23 | H11: 7 | I11: 9 | AA11: 0 | AB11: 60 | AC11: 0 | AF11: 1 | AG11: 23 | AH11: 2 | AI11: 1
A12: Gender: female = 1, male = 2, other = 3, prefer not to say = 4 | D12: 143217 | E12: 2 | F12: 4 | G12: 37 | H12: 3 | I12: 2 | AA12: 85 | AB12: 87 | AC12: 0 | AF12: 1 | AG12: 22 | AH12: 1 | AI12: 1
A13: Compliance: complied with experimental instructions? Yes = 1, No = 2 | D13: 155583 | E13: 2 | F13: 1 | G13: 35 | H13: 3 | I13: 4 | AA13: 0 | AB13: 70 | AC13: 0 | AF13: 1 | AG13: 19 | AH13: 1 | AI13: 1
D14: 160903 | E14: 2 | F14: 4 | G14: 27 | H14: 0 | I14: 8 | AA14: 0 | AB14: 90 | AC14: 0 | AF14: 1 | AG14: 20 | AH14: 1 | AI14: 1
A15: not think = 1 | D15: 170171 | E15: 1 | F15: 4 | Q15: 0 | R15: 2 | S15: 0 | AA15: 0 | AB15: 40 | AC15: 1 | AF15: 1 | AG15: 19 | AH15: 1 | AI15: 1
A16: think =2 | D16: 194097 | E16: 2 | F16: 1 | G16: 6 | H16: 11 | I16: 12 | AA16: 0 | AB16: 80 | AC16: 0 | AF16: 1 | AG16: 20 | AH16: 1 | AI16: 1
D17: 197532 | E17: 2 | F17: 4 | G17: 22 | H17: 0 | I17: 7 | AA17: 0 | AB17: 90 | AC17: 0 | AF17: 1 | AG17: 21 | AH17: 1 | AI17: 1
A18: =ROWS(D6:D126) -> 121 | D18: 197689 | E18: 1 | F18: 3 | Q18: 0 | R18: 0 | S18: 1 | AA18: 2 | AB18: 65 | AC18: 0 | AF18: 1 | AG18: 23 | AH18: 1 | AI18: 2
D19: 199134 | E19: 1 | F19: 3 | Q19: 2 | R19: 2 | S19: 1 | AA19: 50 | AB19: 20 | AC19: 1 | AF19: 2 | AG19: 20 | AH19: 1 | AI19: 1
D20: 203165 | E20: 1 | F20: 2 | Q20: 2 | R20: 3 | S20: 8 | AA20: 0 | AB20: 20 | AC20: 1 | AF20: 2 | AG20: 18 | AH20: 1 | AI20: 1
D21: 205813 | E21: 1 | F21: 1 | Q21: 1 | R21: 1 | S21: 1 | AA21: 0 | AB21: 2 | AC21: 1 | AF21: 2 | AG21: 19 | AH21: 1 | AI21: 1
D22: 215393 | E22: 1 | F22: 3 | Q22: 0 | R22: 12 | S22: 0 | AA22: 0 | AB22: 40 | AC22: 1 | AF22: 2 | AG22: 19 | AH22: 1 | AI22: 1
D23: 222449 | E23: 1 | F23: 1 | Q23: 0 | R23: 2 | S23: 0 | AA23: 0 | AB23: 20 | AC23: 1 | AF23: 2 | AG23: 19 | AH23: 1 | AI23: 1
D24: 224807 | E24: 1 | F24: 2 | Q24: 1 | R24: 7 | S24: 1 | AA24: 0 | AB24: 20 | AC24: 1 | AF24: 2 | AG24: 23 | AH24: 2 | AI24: 1
D25: 243885 | E25: 1 | F25: 3 | Q25: 0 | R25: 1 | S25: 0 | AA25: 90 | AB25: 100 | AC25: 1 | AF25: 2 | AG25: 19 | AH25: 1 | AI25: 1
D26: 250971 | E26: 1 | F26: 2 | Q26: 0 | R26: 2 | S26: 1 | AA26: 0 | AB26: 10 | AC26: 1 | AF26: 2 | AG26: 18 | AH26: 1 | AI26: 1
D27: 256240 | E27: 2 | F27: 3 | G27: 9 | H27: 25 | I27: 21 | AA27: 5 | AB27: 90 | AC27: 0 | AF27: 1 | AG27: 25 | AH27: 2 | AI27: 1
D28: 262983 | E28: 2 | F28: 2 | G28: 5 | H28: 2 | I28: 3 | AA28: 0 | AB28: 40 | AC28: 0 | AF28: 1 | AG28: 19 | AH28: 1 | AI28: 1
D29: 264413 | E29: 2 | F29: 3 | G29: 25 | H29: 3 | I29: 15 | AA29: 10 | AB29: 90 | AC29: 0 | AF29: 1 | AG29: 19 | AH29: 1 | AI29: 1
D30: 265388 | E30: 2 | F30: 3 | G30: 23 | H30: 0 | I30: 10 | AA30: 0 | AB30: 100 | AC30: 0 | AF30: 1 | AG30: 21 | AH30: 1 | AI30: 1
D31: 277194 | E31: 1 | F31: 1 | Q31: 0 | R31: 5 | S31: 0 | AA31: 0 | AB31: 20 | AC31: 1 | AF31: 2 | AG31: 21 | AH31: 1 | AI31: 1
D32: 310918 | E32: 2 | F32: 4 | G32: 25 | H32: 4 | I32: 6 | AA32: 0 | AB32: 70 | AC32: 0 | AF32: 1 | AG32: 22 | AH32: 2 | AI32: 1
D33: 315045 | E33: 1 | F33: 3 | AA33: 10 | AB33: 20 | AF33: 2 | AG33: 21 | AH33: 1 | AI33: 1
D34: 326586 | E34: 1 | F34: 2 | G34: 0 | H34: 2 | I34: 1 | AA34: 0 | AB34: 20 | AC34: 1 | AF34: 2 | AG34: 21 | AH34: 1 | AI34: 1
D35: 330133 | E35: 2 | F35: 3 | Q35: 15 | R35: 7 | S35: 19 | AA35: 15 | AB35: 90 | AC35: 0 | AF35: 1 | AG35: 29 | AH35: 2 | AI35: 1
D36: 341963 | E36: 2 | F36: 4 | Q36: 4 | R36: 1 | S36: 14 | AA36: 0 | AB36: 80 | AC36: 0 | AF36: 1 | AG36: 21 | AH36: 1 | AI36: 1
D37: 352082 | E37: 1 | F37: 1 | Q37: 0 | R37: 8 | S37: 8 | AA37: 0 | AB37: 20 | AC37: 1 | AF37: 2 | AG37: 20 | AH37: 1 | AI37: 1
D38: 354902 | E38: 2 | F38: 2 | G38: 0 | H38: 8 | I38: 0 | AA38: 0 | AB38: 10 | AC38: 0 | AF38: 1 | AG38: 20 | AH38: 1 | AI38: 1
D39: 367470 | E39: 1 | F39: 1 | Q39: 0 | R39: 3 | S39: 2 | AA39: 0 | AB39: 2 | AC39: 1 | AF39: 2 | AG39: 22 | AH39: 1 | AI39: 1
D40: 377404 | E40: 1 | F40: 2 | Q40: 0 | R40: 14 | S40: 2 | T40: 0 | U40: 14 | V40: 2 | AA40: 0 | AB40: 60 | AC40: 1 | AF40: 2 | AG40: 23 | AH40: 1 | AI40: 1
D41: 390736 | E41: 2 | F41: 3 | G41: 0 | H41: 17 | I41: 38 | AA41: 10 | AB41: 95 | AC41: 2 | AF41: 1 | AG41: 21 | AH41: 1 | AI41: 1
D42: 409475 | E42: 1 | F42: 4 | Q42: 0 | R42: 2 | S42: 0 | T42: 0 | U42: 2 | V42: 0 | AA42: 0 | AB42: 5 | AC42: 1 | AF42: 2 | AG42: 22 | AH42: 1 | AI42: 1
D43: 413817 | E43: 1 | F43: 2 | Q43: 1 | R43: 6 | S43: 0 | T43: 1 | U43: 6 | V43: 0 | AA43: 0 | AB43: 46 | AC43: 1 | AF43: 2 | AG43: 22 | AH43: 1 | AI43: 1
D44: 416519 | E44: 1 | F44: 4 | Q44: 0 | R44: 3 | S44: 5 | T44: 0 | U44: 3 | V44: 5 | AA44: 0 | AB44: 13 | AC44: 1 | AF44: 2 | AG44: 19 | AH44: 1 | AI44: 1
D45: 418447 | E45: 2 | F45: 2 | G45: 8 | H45: 9 | I45: 3 | AA45: 0 | AB45: 65 | AC45: 0 | AF45: 2 | AG45: 18 | AH45: 1 | AI45: 1
D46: 428071 | E46: 1 | F46: 2 | Q46: 0 | R46: 0 | S46: 2 | T46: 0 | U46: 0 | V46: 2 | AA46: 0 | AB46: 15 | AC46: 1 | AF46: 2 | AG46: 18 | AH46: 1 | AI46: 1
D47: 435253 | E47: 2 | F47: 4 | G47: 4 | H47: 1 | I47: 7 | AA47: 0 | AB47: 100 | AC47: 0 | AF47: 1 | AG47: 21 | AH47: 1 | AI47: 1
D48: 441477 | E48: 1 | F48: 2 | Q48: 0 | R48: 6 | S48: 0 | T48: 0 | U48: 6 | V48: 0 | AA48: 0 | AB48: 5 | AC48: 1 | AF48: 2 | AG48: 25 | AH48: 2 | AI48: 1
D49: 445369 | E49: 1 | F49: 3 | Q49: 5 | R49: 1 | S49: 2 | T49: 5 | U49: 1 | V49: 2 | AA49: 0 | AB49: 20 | AC49: 1 | AF49: 2 | AG49: 22 | AH49: 1 | AI49: 1
D50: 452604 | E50: 2 | F50: 2 | G50: 4 | H50: 7 | I50: 13 | AA50: 0 | AB50: 100 | AC50: 0 | AF50: 1 | AG50: 20 | AH50: 1 | AI50: 1
D51: 469557 | E51: 1 | F51: 4 | Q51: 0 | R51: 3 | S51: 4 | T51: 0 | U51: 3 | V51: 4 | AA51: 0 | AB51: 70 | AC51: 1 | AF51: 2 | AG51: 21 | AH51: 1 | AI51: 1
D52: 476484 | E52: 1 | F52: 2 | Q52: 0 | R52: 4 | S52: 0 | T52: 0 | U52: 4 | V52: 0 | AA52: 0 | AB52: 15 | AC52: 1 | AF52: 2 | AG52: 22 | AH52: 2 | AI52: 1
D53: 481252 | E53: 2 | F53: 4 | G53: 7 | H53: 5 | I53: 17 | AA53: 0 | AB53: 98 | AC53: 0 | AF53: 1 | AG53: 21 | AH53: 1 | AI53: 1
D54: 489998 | E54: 1 | F54: 3 | Q54: 2 | R54: 7 | S54: 3 | T54: 2 | U54: 7 | V54: 3 | AA54: 10 | AB54: 50 | AC54: 1 | AF54: 2 | AG54: 22 | AH54: 2 | AI54: 1
D55: 490339 | E55: 1 | F55: 3 | Q55: 2 | R55: 2 | S55: 2 | T55: 2 | U55: 2 | V55: 2 | AA55: 0 | AB55: 20 | AC55: 1 | AF55: 2 | AG55: 22 | AH55: 2 | AI55: 1
D56: 491278 | E56: 1 | F56: 3 | Q56: 2 | R56: 0 | S56: 1 | T56: 2 | U56: 0 | V56: 1 | AA56: 30 | AB56: 40 | AC56: 1 | AF56: 2 | AG56: 21 | AH56: 1 | AI56: 1
D57: 494867 | E57: 1 | F57: 1 | Q57: 0 | R57: 44 | S57: 0 | T57: 0 | U57: 44 | V57: 0 | AA57: 0 | AB57: 100 | AC57: 1 | AF57: 2 | AG57: 20 | AH57: 1 | AI57: 1
D58: 495372 | E58: 1 | F58: 1 | Q58: 2 | R58: 1 | S58: 1 | T58: 2 | U58: 1 | V58: 1 | AA58: 0 | AB58: 60 | AC58: 1 | AF58: 2 | AG58: 20 | AH58: 1 | AI58: 1
D59: 496998 | E59: 2 | F59: 3 | G59: 10 | H59: 0 | I59: 88 | AA59: 10 | AB59: 95 | AC59: 0 | AF59: 1 | AG59: 23 | AH59: 2 | AI59: 1
D60: 526851 | E60: 2 | F60: 1 | G60: 0 | H60: 9 | I60: 2 | AA60: 0 | AB60: 60 | AC60: 0 | AF60: 1 | AG60: 20 | AH60: 1 | AI60: 1
D61: 532805 | E61: 1 | F61: 3 | Q61: 0 | R61: 8 | S61: 1 | T61: 0 | U61: 8 | V61: 1 | AA61: 10 | AB61: 5 | AC61: 1 | AF61: 2 | AG61: 21 | AH61: 2 | AI61: 1
D62: 535423 | E62: 1 | F62: 4 | Q62: 0 | R62: 4 | S62: 0 | T62: 0 | U62: 4 | V62: 0 | AA62: 0 | AB62: 5 | AC62: 1 | AF62: 2 | AG62: 25 | AH62: 2 | AI62: 1
D63: 541177 | E63: 2 | F63: 2 | G63: 4 | H63: 10 | I63: 20 | AA63: 0 | AB63: 70 | AC63: 0 | AF63: 2 | AG63: 21 | AH63: 2 | AI63: 1
D64: 542791 | E64: 2 | F64: 4 | G64: 1 | H64: 2 | I64: 1 | AA64: 0 | AB64: 5 | AC64: 0 | AF64: 1 | AG64: 20 | AH64: 1 | AI64: 1
D65: 543100 | E65: 1 | F65: 2 | Q65: 0 | R65: 4 | S65: 0 | AA65: 0 | AB65: 20 | AC65: 1 | AF65: 2 | AG65: 22 | AH65: 2 | AI65: 1
D66: 547114 | E66: 2 | F66: 3 | G66: 14 | H66: 0 | I66: 16 | AA66: 20 | AB66: 90 | AC66: 0 | AF66: 1 | AG66: 21 | AH66: 1 | AI66: 1
D67: 557171 | E67: 2 | F67: 4 | G67: 6 | H67: 30 | I67: 16 | AA67: 0 | AB67: 80 | AC67: 0 | AF67: 1 | AG67: 22 | AH67: 1 | AI67: 1
D68: 557703 | E68: 1 | F68: 3 | Q68: 0 | R68: 2 | S68: 0 | T68: 0 | U68: 2 | V68: 0 | AA68: 25 | AB68: 0 | AC68: 1 | AF68: 2 | AG68: 18 | AH68: 1 | AI68: 1
D69: 587625 | E69: 2 | F69: 4 | G69: 5 | H69: 1 | I69: 12 | AA69: 0 | AB69: 65 | AC69: 0 | AF69: 1 | AG69: 20 | AH69: 1 | AI69: 1
D70: 594345 | E70: 2 | F70: 1 | G70: 0 | H70: 12 | I70: 0 | AA70: 0 | AB70: 40 | AC70: 0 | AF70: 2 | AG70: 20 | AH70: 1 | AI70: 1
D71: 599127 | E71: 1 | F71: 4 | Q71: 0 | R71: 3 | S71: 2 | T71: 0 | U71: 3 | V71: 2 | AA71: 0 | AB71: 15 | AC71: 1 | AF71: 2 | AG71: 24 | AH71: 2 | AI71: 1
D72: 605412 | E72: 2 | F72: 1 | G72: 6 | H72: 0 | I72: 2 | AA72: 0 | AB72: 60 | AC72: 0 | AF72: 1 | AG72: 22 | AH72: 1 | AI72: 1
D73: 608930 | E73: 1 | F73: 1 | Q73: 0 | R73: 7 | S73: 1 | T73: 0 | U73: 7 | V73: 1 | AA73: 0 | AB73: 15 | AC73: 1 | AF73: 2 | AG73: 22 | AH73: 2 | AI73: 1
D74: 609217 | E74: 1 | F74: 1 | Q74: 0 | R74: 0 | S74: 0 | T74: 0 | U74: 0 | V74: 0 | AA74: 0 | AB74: 8 | AC74: 0 | AF74: 2 | AG74: 21 | AH74: 2 | AI74: 1
D75: 610784 | E75: 2 | F75: 3 | G75: 19 | H75: 15 | I75: 12 | AA75: 0 | AB75: 80 | AC75: 0 | AF75: 1 | AG75: 20 | AH75: 2 | AI75: 1
D76: 623053 | E76: 1 | F76: 3 | Q76: 1 | R76: 2 | S76: 1 | T76: 1 | U76: 2 | V76: 1 | AA76: 0 | AB76: 20 | AC76: 1 | AF76: 2 | AG76: 20 | AH76: 1 | AI76: 1
D77: 633302 | E77: 2 | F77: 1 | G77: 0 | H77: 9 | I77: 0 | AA77: 0 | AB77: 30 | AC77: 0 | AF77: 1 | AG77: 19 | AH77: 1 | AI77: 1
D78: 639735 | E78: 2 | F78: 3 | G78: 18 | H78: 7 | I78: 10 | AA78: 0 | AB78: 85 | AC78: 0 | AF78: 1 | AG78: 19 | AH78: 1 | AI78: 1
D79: 645442 | E79: 1 | F79: 2 | Q79: 1 | R79: 0 | S79: 2 | T79: 1 | U79: 0 | V79: 2 | AA79: 0 | AB79: 20 | AC79: 1 | AF79: 2 | AG79: 23 | AH79: 2 | AI79: 1
D80: 653675 | E80: 1 | F80: 2 | Q80: 1 | R80: 2 | S80: 2 | T80: 1 | U80: 2 | V80: 2 | AA80: 0 | AB80: 30 | AC80: 1 | AF80: 2 | AG80: 20 | AH80: 1 | AI80: 1
D81: 665958 | E81: 2 | F81: 1 | G81: 10 | H81: 2 | I81: 8 | AA81: 0 | AB81: 80 | AC81: 0 | AF81: 1 | AG81: 18 | AH81: 3 | AI81: 1
D82: 670992 | E82: 1 | F82: 1 | Q82: 1 | R82: 6 | S82: 2 | AA82: 0 | AB82: 10 | AC82: 1 | AF82: 2 | AG82: 19 | AH82: 1 | AI82: 1
D83: 702138 | E83: 2 | F83: 1 | G83: 6 | H83: 6 | I83: 6 | AA83: 0 | AB83: 40 | AC83: 0 | AF83: 1 | AG83: 20 | AH83: 1 | AI83: 1
D84: 720290 | E84: 2 | F84: 4 | G84: 5 | H84: 2 | I84: 27 | AA84: 0 | AB84: 100 | AC84: 0 | AF84: 1 | AG84: 20 | AH84: 1 | AI84: 1
D85: 726223 | E85: 1 | F85: 2 | Q85: 0 | R85: 4 | S85: 0 | T85: 0 | U85: 4 | V85: 0 | AA85: 0 | AB85: 30 | AC85: 1 | AF85: 2 | AG85: 22 | AH85: 2 | AI85: 1
D86: 736700 | E86: 2 | F86: 2 | G86: 21 | H86: 7 | I86: 17 | AA86: 0 | AB86: 85 | AC86: 0 | AF86: 1 | AG86: 23 | AH86: 2 | AI86: 1
D87: 741394 | E87: 1 | F87: 3 | Q87: 0 | R87: 5 | S87: 2 | T87: 0 | U87: 5 | V87: 2 | AA87: 18 | AB87: 80 | AC87: 1 | AF87: 2 | AG87: 21 | AH87: 1 | AI87: 1
D88: 741553 | E88: 1 | F88: 3 | Q88: 0 | R88: 5 | S88: 4 | T88: 0 | U88: 5 | V88: 4 | AA88: 0 | AB88: 60 | AC88: 1 | AF88: 2 | AG88: 21 | AH88: 1 | AI88: 1
D89: 747659 | E89: 2 | F89: 2 | G89: 0 | H89: 3 | I89: 9 | AA89: 0 | AB89: 35 | AC89: 0 | AF89: 1 | AG89: 21 | AH89: 1 | AI89: 1
D90: 748197 | E90: 1 | F90: 4 | Q90: 0 | R90: 6 | S90: 1 | AA90: 5 | AB90: 70 | AC90: 1 | AF90: 2 | AG90: 21 | AH90: 1 | AI90: 1
D91: 760106 | E91: 1 | F91: 1 | Q91: 0 | R91: 1 | S91: 1 | AA91: 0 | AB91: 5 | AC91: 1 | AF91: 2 | AG91: 19 | AH91: 1 | AI91: 1
D92: 768110 | E92: 2 | F92: 1 | G92: 1 | H92: 16 | I92: 18 | AA92: 0 | AB92: 65 | AC92: 0 | AF92: 1 | AG92: 20 | AH92: 1 | AI92: 1
D93: 771088 | E93: 1 | F93: 2 | Q93: 0 | R93: 2 | S93: 0 | T93: 0 | U93: 2 | V93: 0 | AA93: 0 | AB93: 30 | AC93: 1 | AF93: 2 | AG93: 20 | AH93: 1 | AI93: 1
D94: 773742 | E94: 2 | F94: 2 | G94: 0 | H94: 3 | I94: 6 | T94: 0 | U94: 3 | V94: 6 | AA94: 0 | AB94: 40 | AC94: 1 | AF94: 1 | AG94: 20 | AH94: 1 | AI94: 1
D95: 784958 | E95: 2 | F95: 3 | G95: 11 | H95: 8 | I95: 61 | AA95: 0 | AB95: 90 | AC95: 0 | AF95: 1 | AG95: 22 | AH95: 1 | AI95: 1
D96: 792507 | E96: 2 | F96: 4 | G96: 1 | H96: 4 | I96: 11 | AA96: 0 | AB96: 100 | AC96: 0 | AF96: 1 | AG96: 20 | AH96: 1 | AI96: 1
D97: 793439 | E97: 2 | F97: 2 | G97: 32 | H97: 3 | I97: 2 | AA97: 0 | AB97: 90 | AC97: 0 | AF97: 1 | AG97: 21 | AH97: 1 | AI97: 1
D98: 798936 | E98: 2 | F98: 3 | G98: 20 | H98: 9 | I98: 44 | AA98: 10 | AB98: 95 | AC98: 0 | AF98: 1 | AG98: 22 | AH98: 1 | AI98: 1
D99: 801742 | E99: 2 | F99: 2 | G99: 0 | H99: 12 | I99: 2 | AA99: 0 | AB99: 80 | AC99: 0 | AF99: 1 | AG99: 20 | AH99: 1 | AI99: 1
D100: 805385 | E100: 2 | F100: 1 | G100: 10 | H100: 1 | I100: 4 | AA100: 0 | AB100: 50 | AC100: 0 | AF100: 1 | AG100: 21 | AH100: 1 | AI100: 1
...

Sheet Noelle (before resolving)
A1: Notes: | D1: ParticipantID | E1: Condition | F1: Targetword | G1: A_period.1.coder1 | H1: B_period.1.coder1 | I1: C_period.1.coder1 | J1: A_period.1.coder2 | K1: B_period.1.coder2 | L1: C_period.1.coder2 | M1: A_period.1.final | N1: B_period.1.final | O1: C_period.1.final | P1: sum.of.ABC_period.1.final | Q1: A_period.2.coder1 | R1: B_period.2.coder1 | S1: C_period.2.coder1 | T1: A_period.2.coder2 | U1: B_period.2.coder2 | V1: C_period.2.coder2 | W1: A_period.2.final | X1: B_period.2.final | Y1: C_period.2.final | Z1: sum.ABC_period2.final | AA1: Percentage.round.1 | AB1: Percentage.round.2 | AC1: probe.coder1 | AD1: probe.coder2 | AE1: probe.final | AF1: MC | AG1: age | AH1: gender | AI1: Compliance
A2: Condition (initial suppression = 1, initial concentration = 2) | C2: Example | D2: 1001 | E2: 1 | F2: 1 | G2: 18 | H2: 4 | I2: 8 | J2: 18 | K2: 4 | L2: 8 | M2: 18 | N2: 4 | O2: 8 | P2: =SUM(M2,Q2,N2,O2) -> 44 | Q2: 14 | R2: 15 | S2: 20 | T2: 14 | U2: 15 | V2: 20 | W2: 14 | X2: 15 | Y2: 20 | Z2: =SUM(W2,X2,Y2) -> 49 | AC2: 0 | AD2: 0 | AE2: 0 | AF2: 1 | AG2: 30 | AH2: 1 | AI2: 1
A3: Target word (gorilla = 1, tiger = 2, food = 3, diseases = 4) | D3: 1002 | E3: 1 | F3: 2 | G3: 18 | H3: 16 | I3: 16 | J3: 18 | K3: 16 | L3: 16 | M3: 18 | N3: 16 | O3: 16 | P3: =SUM(M3,Q3,N3,O3) -> 63 | Q3: 13 | R3: 16 | S3: 15 | T3: 13 | U3: 16 | V3: 15 | W3: 13 | X3: 16 | Y3: 15 | Z3: =SUM(W3,X3,Y3) -> 44 | AC3: 0 | AD3: 1 | AE3: 0 | AF3: 1 | AG3: 25 | AH3: 1 | AI3: 1
A4: Participant ID should start from 121 rather than 001 | D4: 1003 | E4: 2 | F4: 3 | G4: 2 | H4: 3 | I4: 19 | J4: 2 | K4: 3 | L4: 19 | M4: 2 | N4: 3 | O4: 19 | P4: =SUM(M4,Q4,N4,O4) -> 37 | Q4: 13 | R4: 3 | S4: 5 | T4: 13 | U4: 3 | V4: 5 | W4: 13 | X4: 3 | Y4: 5 | Z4: =SUM(W4,X4,Y4) -> 21 | AC4: 0 | AD4: 0 | AE4: 0 | AF4: 2 | AG4: 26 | AH4: 2 | AI4: 1
A5: A = number of target thought mentions only, B = number of bell rings only, C = number of thought mentions and bell rings at the same time | D5: 1004 | E5: 2 | F5: 4 | G5: 20 | H5: 13 | I5: 2 | J5: 20 | K5: 13 | L5: 2 | M5: 20 | N5: 13 | O5: 2 | P5: =SUM(M5,Q5,N5,O5) -> 43 | Q5: 8 | R5: 14 | S5: 12 | T5: 8 | U5: 14 | V5: 12 | W5: 8 | X5: 14 | Y5: 12 | Z5: =SUM(W5,X5,Y5) -> 34 | AC5: 1 | AD5: 1 | AE5: 1 | AF5: 2 | AG5: 18 | AH5: 2 | AI5: 1
A6: Period 1 only needs to be completed for initial concentration group | C6: Start data entry here from 1 onwards | D6: 100161 | E6: 1 | F6: 1 | Q6: 0 | R6: 0 | S6: 0 | AA6: 0 | AB6: 1 | AC6: 0 | AF6: 2 | AG6: 20 | AH6: 1 | AI6: 1
A7: Final = results after resolving any inter-coder discrepancies | D7: 104496 | E7: 1 | F7: 2 | Q7: 0 | R7: 0 | S7: 0 | AA7: 0 | AB7: 10 | AC7: 0 | AF7: 1 | AG7: 19 | AH7: 1 | AI7: 1
A8: Percentage = % time participant indicate to be thinking about target thought | D8: 117872 | E8: 2 | F8: 2 | G8: 20 | H8: 7 | I8: 14 | J8: 20 | K8: 7 | L8: 14 | AA8: 0 | AB8: 60 | AC8: 0 | AF8: 1 | AG8: 23 | AH8: 2 | AI8: 1
A9: Probe: did participant fail probe - 1 = yes, 0 = no (to be completed | D9: 120073 | E9: 2 | F9: 2 | G9: 21 | H9: 0 | I9: 3 | J9: 21 | K9: 0 | L9: 3 | AA9: 0 | AB9: 60 | AC9: 0 | AF9: 1 | AG9: 20 | AH9: 1 | AI9: 1
A10: by two independent coders AFTER termination of data collection) | D10: 122535 | E10: 1 | F10: 1 | Q10: 0 | R10: 1 | S10: 0 | AA10: 0 | AB10: 40 | AC10: 0 | AF10: 2 | AG10: 22 | AH10: 1 | AI10: 1
A11: MC = manipulation check (think = 1, not think = 2) | D11: 128377 | E11: 2 | F11: 1 | G11: 23 | H11: 7 | I11: 9 | J11: 23 | K11: 7 | L11: 9 | AA11: 0 | AB11: 60 | AC11: 0 | AF11: 1 | AG11: 23 | AH11: 2 | AI11: 1
A12: Gender: female = 1, male = 2, other = 3, prefer not to say = 4 | D12: 143217 | E12: 2 | F12: 4 | G12: 37 | H12: 3 | I12: 2 | J12: 37 | K12: 3 | L12: 2 | AA12: 85 | AB12: 87 | AC12: 0 | AF12: 1 | AG12: 22 | AH12: 1 | AI12: 1
A13: Compliance: complied with experimental instructions? Yes = 1, No = 2 | D13: 155583 | E13: 2 | F13: 1 | G13: 35 | H13: 3 | I13: 4 | J13: 35 | K13: 3 | L13: 4 | AA13: 0 | AB13: 70 | AC13: 0 | AF13: 1 | AG13: 19 | AH13: 1 | AI13: 1
D14: 160903 | E14: 2 | F14: 4 | G14: 27 | H14: 0 | I14: 8 | J14: 27 | K14: 0 | L14: 8 | AA14: 0 | AB14: 90 | AC14: 0 | AF14: 1 | AG14: 20 | AH14: 1 | AI14: 1
A15: not think = 1 | D15: 170171 | E15: 1 | F15: 4 | Q15: 0 | R15: 2 | S15: 0 | AA15: 0 | AB15: 40 | AC15: 1 | AF15: 1 | AG15: 19 | AH15: 1 | AI15: 1
A16: think =2 | D16: 194097 | E16: 2 | F16: 1 | G16: 6 | H16: 11 | I16: 12 | J16: 6 | K16: 11 | L16: 12 | AA16: 0 | AB16: 80 | AC16: 0 | AF16: 1 | AG16: 20 | AH16: 1 | AI16: 1
D17: 197532 | E17: 2 | F17: 4 | G17: 22 | H17: 0 | I17: 7 | J17: 22 | K17: 0 | L17: 7 | AA17: 0 | AB17: 90 | AC17: 0 | AF17: 1 | AG17: 21 | AH17: 1 | AI17: 1
A18: =ROWS(D6:D126) -> 121 | D18: 197689 | E18: 1 | F18: 3 | Q18: 0 | R18: 0 | S18: 1 | AA18: 2 | AB18: 65 | AC18: 0 | AF18: 1 | AG18: 23 | AH18: 1 | AI18: 2
D19: 199134 | E19: 1 | F19: 3 | Q19: 2 | R19: 2 | S19: 1 | AA19: 50 | AB19: 20 | AC19: 1 | AF19: 2 | AG19: 20 | AH19: 1 | AI19: 1
D20: 203165 | E20: 1 | F20: 2 | Q20: 2 | R20: 3 | S20: 8 | AA20: 0 | AB20: 20 | AC20: 1 | AF20: 2 | AG20: 18 | AH20: 1 | AI20: 1
D21: 205813 | E21: 1 | F21: 1 | Q21: 1 | R21: 1 | S21: 1 | AA21: 0 | AB21: 80 | AC21: 1 | AF21: 2 | AG21: 19 | AH21: 1 | AI21: 1
D22: 215393 | E22: 1 | F22: 3 | Q22: 0 | R22: 12 | S22: 0 | AA22: 0 | AB22: 40 | AC22: 1 | AF22: 2 | AG22: 19 | AH22: 1 | AI22: 1
D23: 222449 | E23: 1 | F23: 1 | Q23: 0 | R23: 2 | S23: 0 | AA23: 0 | AB23: 20 | AC23: 1 | AF23: 2 | AG23: 19 | AH23: 1 | AI23: 1
D24: 224807 | E24: 1 | F24: 2 | Q24: 1 | R24: 7 | S24: 1 | AA24: 0 | AB24: 20 | AC24: 1 | AF24: 2 | AG24: 23 | AH24: 2 | AI24: 1
D25: 243885 | E25: 1 | F25: 3 | Q25: 0 | R25: 1 | S25: 0 | AA25: 90 | AB25: 100 | AC25: 1 | AF25: 2 | AG25: 19 | AH25: 1 | AI25: 1
D26: 250971 | E26: 1 | F26: 2 | Q26: 0 | R26: 2 | S26: 1 | AA26: 0 | AB26: 10 | AC26: 1 | AF26: 2 | AG26: 18 | AH26: 1 | AI26: 1
D27: 256240 | E27: 2 | F27: 3 | G27: 9 | H27: 25 | I27: 21 | J27: 9 | K27: 25 | L27: 21 | AA27: 5 | AB27: 90 | AC27: 0 | AF27: 1 | AG27: 25 | AH27: 2 | AI27: 1
D28: 262983 | E28: 2 | F28: 2 | G28: 5 | H28: 2 | I28: 3 | J28: 5 | K28: 2 | L28: 3 | AA28: 0 | AB28: 40 | AC28: 0 | AF28: 1 | AG28: 19 | AH28: 1 | AI28: 1
D29: 264413 | E29: 2 | F29: 3 | G29: 25 | H29: 3 | I29: 15 | J29: 25 | K29: 3 | L29: 15 | AA29: 10 | AB29: 90 | AC29: 0 | AF29: 1 | AG29: 19 | AH29: 1 | AI29: 1
D30: 265388 | E30: 2 | F30: 3 | G30: 23 | H30: 0 | I30: 10 | J30: 23 | K30: 0 | L30: 10 | AA30: 0 | AB30: 100 | AC30: 0 | AF30: 1 | AG30: 21 | AH30: 1 | AI30: 1
D31: 277194 | E31: 1 | F31: 1 | Q31: 0 | R31: 5 | S31: 0 | AA31: 0 | AB31: 20 | AC31: 1 | AF31: 2 | AG31: 21 | AH31: 1 | AI31: 1
D32: 310918 | E32: 2 | F32: 4 | G32: 25 | H32: 4 | I32: 6 | J32: 25 | K32: 4 | L32: 6 | AA32: 0 | AB32: 70 | AC32: 0 | AF32: 1 | AG32: 22 | AH32: 2 | AI32: 1
D33: 315045 | E33: 1 | F33: 3 | G33: 2 | H33: 2 | I33: 1 | J33: 2 | K33: 2 | L33: 1 | AA33: 10 | AB33: 20 | AC33: 0 | AF33: 2 | AG33: 21 | AH33: 1 | AI33: 1
D34: 326586 | E34: 1 | F34: 2 | Q34: 0 | R34: 2 | S34: 1 | AA34: 0 | AB34: 20 | AC34: 1 | AF34: 2 | AG34: 21 | AH34: 1 | AI34: 1
D35: 330133 | E35: 2 | F35: 3 | G35: 15 | H35: 7 | I35: 19 | J35: 15 | K35: 7 | L35: 19 | AA35: 15 | AB35: 90 | AC35: 0 | AF35: 1 | AG35: 29 | AH35: 2 | AI35: 1
D36: 341963 | E36: 2 | F36: 4 | G36: 4 | H36: 1 | I36: 14 | J36: 4 | K36: 1 | L36: 14 | AA36: 0 | AB36: 80 | AC36: 0 | AF36: 1 | AG36: 21 | AH36: 1 | AI36: 1
D37: 352082 | E37: 1 | F37: 1 | Q37: 0 | R37: 8 | S37: 8 | AA37: 0 | AB37: 20 | AC37: 1 | AF37: 2 | AG37: 20 | AH37: 1 | AI37: 1
D38: 354902 | E38: 2 | F38: 2 | G38: 0 | H38: 8 | I38: 0 | J38: 0 | K38: 8 | L38: 0 | AA38: 0 | AB38: 10 | AC38: 0 | AF38: 2 | AG38: 20 | AH38: 1 | AI38: 1
D39: 367470 | E39: 1 | F39: 1 | Q39: 0 | R39: 3 | S39: 2 | AA39: 0 | AB39: 2 | AC39: 1 | AF39: 2 | AG39: 22 | AH39: 1 | AI39: 1
D40: 377404 | E40: 1 | F40: 2 | Q40: 0 | R40: 14 | S40: 2 | AA40: 0 | AB40: 60 | AC40: 1 | AF40: 2 | AG40: 23 | AH40: 1 | AI40: 1
D41: 390736 | E41: 2 | F41: 3 | G41: 0 | H41: 17 | I41: 38 | J41: 0 | K41: 17 | L41: 38 | AA41: 10 | AB41: 95 | AC41: 2 | AF41: 1 | AG41: 21 | AH41: 1 | AI41: 1
D42: 409475 | E42: 1 | F42: 4 | Q42: 0 | R42: 2 | S42: 0 | AA42: 0 | AB42: 5 | AC42: 1 | AF42: 2 | AG42: 22 | AH42: 1 | AI42: 1
D43: 413817 | E43: 1 | F43: 2 | Q43: 1 | R43: 6 | S43: 0 | AA43: 0 | AB43: 46 | AC43: 1 | AF43: 2 | AG43: 22 | AH43: 1 | AI43: 1
D44: 416519 | E44: 1 | F44: 4 | Q44: 0 | R44: 3 | S44: 5 | AA44: 0 | AB44: 13 | AC44: 1 | AF44: 2 | AG44: 19 | AH44: 1 | AI44: 1
D45: 418447 | E45: 2 | F45: 2 | G45: 8 | H45: 9 | I45: 3 | J45: 8 | K45: 9 | L45: 3 | AA45: 0 | AB45: 65 | AC45: 0 | AF45: 2 | AG45: 18 | AH45: 1 | AI45: 1
D46: 428071 | E46: 1 | F46: 2 | Q46: 0 | R46: 0 | S46: 2 | AA46: 0 | AB46: 15 | AC46: 1 | AF46: 2 | AG46: 18 | AH46: 1 | AI46: 1
D47: 435253 | E47: 2 | F47: 4 | G47: 4 | H47: 1 | I47: 7 | J47: 4 | K47: 1 | L47: 7 | AA47: 0 | AB47: 100 | AC47: 0 | AF47: 1 | AG47: 21 | AH47: 1 | AI47: 1
D48: 441477 | E48: 1 | F48: 2 | Q48: 0 | R48: 6 | S48: 0 | AA48: 0 | AB48: 5 | AC48: 1 | AF48: 2 | AG48: 25 | AH48: 2 | AI48: 1
D49: 445369 | E49: 1 | F49: 3 | Q49: 5 | R49: 1 | S49: 2 | AA49: 0 | AB49: 20 | AC49: 1 | AF49: 2 | AG49: 22 | AH49: 1 | AI49: 1
D50: 452604 | E50: 2 | F50: 2 | G50: 4 | H50: 7 | I50: 13 | J50: 4 | K50: 7 | L50: 13 | AA50: 0 | AB50: 100 | AC50: 0 | AF50: 1 | AG50: 20 | AH50: 1 | AI50: 1
D51: 469557 | E51: 1 | F51: 4 | Q51: 0 | R51: 3 | S51: 4 | AA51: 0 | AB51: 70 | AC51: 1 | AF51: 2 | AG51: 21 | AH51: 1 | AI51: 1
D52: 476484 | E52: 1 | F52: 2 | Q52: 0 | R52: 4 | S52: 0 | AA52: 0 | AB52: 15 | AC52: 1 | AF52: 2 | AG52: 22 | AH52: 2 | AI52: 1
D53: 481252 | E53: 2 | F53: 4 | G53: 7 | H53: 5 | I53: 17 | J53: 7 | K53: 5 | L53: 17 | AA53: 0 | AB53: 98 | AC53: 0 | AF53: 1 | AG53: 21 | AH53: 1 | AI53: 1
D54: 489998 | E54: 1 | F54: 3 | Q54: 2 | R54: 7 | S54: 3 | AA54: 10 | AB54: 50 | AC54: 1 | AF54: 2 | AG54: 22 | AH54: 2 | AI54: 1
D55: 490339 | E55: 1 | F55: 3 | Q55: 2 | R55: 2 | S55: 2 | AA55: 0 | AB55: 20 | AC55: 1 | AF55: 2 | AG55: 22 | AH55: 2 | AI55: 1
D56: 491278 | E56: 1 | F56: 3 | Q56: 2 | R56: 0 | S56: 1 | AA56: 30 | AB56: 40 | AC56: 1 | AF56: 2 | AG56: 21 | AH56: 1 | AI56: 1
D57: 494867 | E57: 1 | F57: 1 | Q57: 0 | R57: 44 | S57: 0 | AA57: 0 | AB57: 100 | AC57: 1 | AF57: 2 | AG57: 20 | AH57: 1 | AI57: 1
D58: 495372 | E58: 1 | F58: 1 | Q58: 2 | R58: 1 | S58: 1 | AA58: 0 | AB58: 60 | AC58: 1 | AF58: 2 | AG58: 20 | AH58: 1 | AI58: 1
D59: 496998 | E59: 2 | F59: 3 | G59: 10 | H59: 0 | I59: 88 | J59: 10 | K59: 0 | L59: 88 | AA59: 10 | AB59: 95 | AC59: 0 | AF59: 1 | AG59: 23 | AH59: 2 | AI59: 1
D60: 526851 | E60: 2 | F60: 1 | G60: 0 | H60: 9 | I60: 2 | J60: 0 | K60: 9 | L60: 2 | AA60: 0 | AB60: 60 | AC60: 0 | AF60: 1 | AG60: 20 | AH60: 1 | AI60: 1
D61: 532805 | E61: 1 | F61: 3 | Q61: 0 | R61: 8 | S61: 1 | AA61: 10 | AB61: 5 | AC61: 1 | AF61: 2 | AG61: 21 | AH61: 2 | AI61: 1
D62: 535423 | E62: 1 | F62: 4 | Q62: 0 | R62: 4 | S62: 0 | AA62: 0 | AB62: 5 | AC62: 1 | AF62: 2 | AG62: 25 | AH62: 2 | AI62: 1
D63: 541177 | E63: 2 | F63: 2 | G63: 4 | H63: 10 | I63: 20 | J63: 4 | K63: 10 | L63: 20 | AA63: 0 | AB63: 70 | AC63: 0 | AF63: 2 | AG63: 25 | AH63: 2 | AI63: 1
D64: 542791 | E64: 2 | F64: 4 | G64: 1 | H64: 2 | I64: 1 | J64: 1 | K64: 2 | L64: 1 | AA64: 0 | AB64: 5 | AC64: 0 | AF64: 1 | AG64: 20 | AH64: 1 | AI64: 1
D65: 543100 | E65: 1 | F65: 2 | Q65: 0 | R65: 4 | S65: 0 | AA65: 0 | AB65: 20 | AC65: 1 | AF65: 2 | AG65: 22 | AH65: 2 | AI65: 1
D66: 547114 | E66: 2 | F66: 3 | G66: 14 | H66: 0 | I66: 16 | J66: 14 | K66: 0 | L66: 16 | AA66: 20 | AB66: 90 | AC66: 0 | AF66: 1 | AG66: 20 | AH66: 1 | AI66: 1
D67: 557171 | E67: 2 | F67: 4 | G67: 6 | H67: 30 | I67: 16 | J67: 6 | K67: 30 | L67: 16 | AA67: 0 | AB67: 80 | AC67: 0 | AF67: 1 | AG67: 22 | AH67: 1 | AI67: 1
D68: 557703 | E68: 1 | F68: 3 | Q68: 0 | R68: 2 | S68: 0 | AA68: 25 | AB68: 0 | AC68: 1 | AF68: 2 | AG68: 18 | AH68: 1 | AI68: 1
D69: 587625 | E69: 2 | F69: 4 | G69: 5 | H69: 1 | I69: 12 | J69: 5 | K69: 1 | L69: 12 | AA69: 0 | AB69: 65 | AC69: 0 | AF69: 1 | AG69: 20 | AH69: 1 | AI69: 1
D70: 594345 | E70: 2 | F70: 1 | G70: 0 | H70: 12 | I70: 0 | J70: 0 | K70: 12 | L70: 0 | AA70: 0 | AB70: 40 | AC70: 0 | AF70: 2 | AG70: 20 | AH70: 1 | AI70: 1
D71: 599127 | E71: 1 | F71: 4 | Q71: 0 | R71: 3 | S71: 2 | AA71: 0 | AB71: 15 | AC71: 1 | AF71: 2 | AG71: 24 | AH71: 2 | AI71: 1
D72: 605412 | E72: 2 | F72: 1 | G72: 6 | H72: 0 | I72: 2 | J72: 6 | K72: 0 | L72: 2 | AA72: 0 | AB72: 60 | AC72: 0 | AF72: 1 | AG72: 22 | AH72: 1 | AI72: 1
D73: 608930 | E73: 1 | F73: 1 | Q73: 0 | R73: 7 | S73: 1 | AA73: 0 | AB73: 15 | AC73: 1 | AF73: 2 | AG73: 22 | AH73: 2 | AI73: 1
D74: 609217 | E74: 1 | F74: 1 | Q74: 0 | R74: 0 | S74: 0 | AA74: 0 | AB74: 8 | AC74: 0 | AF74: 2 | AG74: 21 | AH74: 2 | AI74: 1
D75: 610784 | E75: 2 | F75: 3 | G75: 19 | H75: 15 | I75: 12 | J75: 19 | K75: 15 | L75: 12 | AA75: 0 | AB75: 80 | AC75: 0 | AF75: 1 | AG75: 20 | AH75: 2 | AI75: 1
D76: 623053 | E76: 1 | F76: 3 | Q76: 1 | R76: 2 | S76: 1 | AA76: 0 | AB76: 20 | AC76: 1 | AF76: 2 | AG76: 20 | AH76: 1 | AI76: 1
D77: 633302 | E77: 2 | F77: 1 | G77: 0 | H77: 9 | I77: 0 | J77: 0 | K77: 9 | L77: 0 | AA77: 0 | AB77: 30 | AC77: 0 | AF77: 1 | AG77: 19 | AH77: 1 | AI77: 1
D78: 639735 | E78: 2 | F78: 3 | G78: 18 | H78: 7 | I78: 10 | J78: 18 | K78: 7 | L78: 10 | AA78: 0 | AB78: 85 | AC78: 0 | AF78: 1 | AG78: 19 | AH78: 1 | AI78: 1
D79: 645442 | E79: 1 | F79: 2 | Q79: 1 | R79: 0 | S79: 2 | AA79: 0 | AB79: 20 | AC79: 1 | AF79: 2 | AG79: 23 | AH79: 2 | AI79: 1
D80: 653675 | E80: 1 | F80: 2 | Q80: 1 | R80: 2 | S80: 2 | AA80: 0 | AB80: 30 | AC80: 1 | AF80: 2 | AG80: 20 | AH80: 1 | AI80: 1
D81: 665958 | E81: 2 | F81: 1 | G81: 10 | H81: 2 | I81: 8 | J81: 10 | K81: 2 | L81: 8 | AA81: 0 | AB81: 80 | AC81: 0 | AF81: 1 | AG81: 18 | AH81: 3 | AI81: 1
D82: 670992 | E82: 1 | F82: 1 | Q82: 1 | R82: 6 | S82: 2 | AA82: 0 | AB82: 10 | AC82: 1 | AF82: 2 | AG82: 19 | AH82: 1 | AI82: 1
D83: 702138 | E83: 2 | F83: 1 | G83: 6 | H83: 6 | I83: 6 | J83: 6 | K83: 6 | L83: 6 | AA83: 0 | AB83: 40 | AC83: 0 | AF83: 1 | AG83: 20 | AH83: 1 | AI83: 1
D84: 720290 | E84: 2 | F84: 4 | G84: 5 | H84: 2 | I84: 27 | J84: 5 | K84: 2 | L84: 27 | AA84: 0 | AB84: 100 | AC84: 0 | AF84: 1 | AG84: 20 | AH84: 1 | AI84: 1
D85: 726223 | E85: 1 | F85: 2 | Q85: 0 | R85: 4 | S85: 0 | AA85: 0 | AB85: 30 | AC85: 1 | AF85: 2 | AG85: 22 | AH85: 2 | AI85: 1
D86: 736700 | E86: 2 | F86: 2 | G86: 21 | H86: 7 | I86: 17 | J86: 21 | K86: 7 | L86: 17 | AA86: 0 | AB86: 85 | AC86: 0 | AF86: 1 | AG86: 23 | AH86: 2 | AI86: 1
D87: 741394 | E87: 1 | F87: 3 | Q87: 0 | R87: 5 | S87: 2 | AA87: 18 | AB87: 80 | AC87: 1 | AF87: 2 | AG87: 21 | AH87: 1 | AI87: 1
D88: 741553 | E88: 1 | F88: 3 | Q88: 0 | R88: 5 | S88: 4 | AA88: 0 | AB88: 60 | AC88: 1 | AF88: 2 | AG88: 21 | AH88: 1 | AI88: 1
D89: 747659 | E89: 2 | F89: 2 | G89: 0 | H89: 3 | I89: 9 | J89: 0 | K89: 3 | L89: 9 | AA89: 0 | AB89: 35 | AC89: 0 | AF89: 1 | AG89: 21 | AH89: 1 | AI89: 1
D90: 748197 | E90: 1 | F90: 4 | Q90: 0 | R90: 6 | S90: 1 | AA90: 7 | AB90: 70 | AC90: 1 | AF90: 2 | AG90: 21 | AH90: 1 | AI90: 1
D91: 760106 | E91: 1 | F91: 1 | Q91: 0 | R91: 1 | S91: 1 | AA91: 0 | AB91: 5 | AC91: 1 | AF91: 2 | AG91: 19 | AH91: 1 | AI91: 1
D92: 768110 | E92: 2 | F92: 1 | G92: 1 | H92: 16 | I92: 18 | J92: 1 | K92: 16 | L92: 18 | AA92: 0 | AB92: 65 | AC92: 0 | AF92: 1 | AG92: 20 | AH92: 1 | AI92: 1
D93: 771088 | E93: 1 | F93: 2 | Q93: 0 | R93: 2 | S93: 0 | AA93: 0 | AB93: 30 | AC93: 1 | AF93: 2 | AG93: 20 | AH93: 1 | AI93: 1
D94: 773742 | E94: 2 | F94: 2 | G94: 0 | H94: 3 | I94: 6 | J94: 0 | K94: 3 | L94: 6 | AA94: 0 | AB94: 40 | AC94: 1 | AF94: 1 | AG94: 20 | AH94: 1 | AI94: 1
D95: 784958 | E95: 2 | F95: 3 | G95: 11 | H95: 8 | I95: 61 | J95: 11 | K95: 8 | L95: 61 | AA95: 0 | AB95: 90 | AC95: 0 | AF95: 2 | AG95: 22 | AH95: 1 | AI95: 1
D96: 792507 | E96: 2 | F96: 4 | G96: 1 | H96: 4 | I96: 11 | J96: 1 | K96: 4 | L96: 11 | AA96: 0 | AB96: 100 | AC96: 0 | AF96: 1 | AG96: 20 | AH96: 1 | AI96: 1
D97: 793439 | E97: 2 | F97: 2 | G97: 32 | H97: 3 | I97: 2 | J97: 32 | K97: 3 | L97: 2 | AA97: 0 | AB97: 90 | AC97: 0 | AF97: 1 | AG97: 21 | AH97: 1 | AI97: 1
D98: 798936 | E98: 2 | F98: 3 | G98: 20 | H98: 9 | I98: 44 | J98: 20 | K98: 9 | L98: 44 | AA98: 10 | AB98: 95 | AC98: 0 | AF98: 2 | AG98: 22 | AH98: 1 | AI98: 1
D99: 801742 | E99: 2 | F99: 2 | G99: 0 | H99: 12 | I99: 2 | J99: 0 | K99: 12 | L99: 2 | AA99: 0 | AB99: 80 | AC99: 0 | AF99: 1 | AG99: 20 | AH99: 1 | AI99: 1
D100: 805385 | E100: 2 | F100: 1 | G100: 10 | H100: 1 | I100: 4 | J100: 10 | K100: 1 | L100: 4 | AA100: 0 | AB100: 50 | AC100: 0 | AF100: 1 | AG100: 21 | AH100: 1 | AI100: 1
...

Sheet Meilan (resolving)
A1: Notes: | D1: ParticipantID | E1: Condition | F1: Targetword | G1: A_period.1.coder1 | H1: B_period.1.coder1 | I1: C_period.1.coder1 | J1: A_period.1.coder2 | K1: B_period.1.coder2 | L1: C_period.1.coder2 | M1: A_period.1.final | N1: B_period.1.final | O1: C_period.1.final | P1: sum.of.ABC_period.1.final | Q1: A_period.2.coder1 | R1: B_period.2.coder1 | S1: C_period.2.coder1 | T1: A_period.2.coder2 | U1: B_period.2.coder2 | V1: C_period.2.coder2 | W1: A_period.2.final | X1: B_period.2.final | Y1: C_period.2.final | Z1: sum.ABC_period2.final | AA1: Percentage.round.1 | AB1: Percentage.round.2 | AC1: probe.coder1 | AD1: probe.coder2 | AE1: probe.final | AF1: MC | AG1: age | AH1: gender | AI1: Compliance
A2: Condition (initial suppression = 1, initial concentration = 2) | C2: Example | D2: 1001 | E2: 1 | F2: 1 | G2: 18 | H2: 4 | I2: 8 | J2: 18 | K2: 4 | L2: 8 | M2: 18 | N2: 4 | O2: 8 | P2: =SUM(M2,Q2,N2,O2) -> 44 | Q2: 14 | R2: 15 | S2: 20 | T2: 14 | U2: 15 | V2: 20 | W2: 14 | X2: 15 | Y2: 20 | Z2: =SUM(W2,X2,Y2) -> 49 | AC2: 0 | AD2: 0 | AE2: 0 | AF2: 1 (think) | AG2: 30 | AH2: 1 | AI2: 1 (yes)
A3: Target word (gorilla = 1, tiger = 2, food = 3, diseases = 4) | D3: 1002 | E3: 1 | F3: 2 | G3: 18 | H3: 16 | I3: 16 | J3: 18 | K3: 16 | L3: 16 | M3: 18 | N3: 16 | O3: 16 | P3: =SUM(M3,Q3,N3,O3) -> 63 | Q3: 13 | R3: 16 | S3: 15 | T3: 13 | U3: 16 | V3: 15 | W3: 13 | X3: 16 | Y3: 15 | Z3: =SUM(W3,X3,Y3) -> 44 | AC3: 0 | AD3: 1 | AE3: 0 | AF3: 1 | AG3: 25 | AH3: 1 | AI3: 1
A4: Participant ID should start from 121 rather than 001 | D4: 1003 | E4: 2 | F4: 3 | G4: 2 | H4: 3 | I4: 19 | J4: 2 | K4: 3 | L4: 19 | M4: 2 | N4: 3 | O4: 19 | P4: =SUM(M4,Q4,N4,O4) -> 37 | Q4: 13 | R4: 3 | S4: 5 | T4: 13 | U4: 3 | V4: 5 | W4: 13 | X4: 3 | Y4: 5 | Z4: =SUM(W4,X4,Y4) -> 21 | AC4: 0 | AD4: 0 | AE4: 0 | AF4: 2 (not think) | AG4: 26 | AH4: 2 | AI4: 1
A5: A = number of target thought mentions only, B = number of bell rings only, C = number of thought mentions and bell rings at the same time | D5: 1004 | E5: 2 | F5: 4 | G5: 20 | H5: 13 | I5: 2 | J5: 20 | K5: 13 | L5: 2 | M5: 20 | N5: 13 | O5: 2 | P5: =SUM(M5,Q5,N5,O5) -> 43 | Q5: 8 | R5: 14 | S5: 12 | T5: 8 | U5: 14 | V5: 12 | W5: 8 | X5: 14 | Y5: 12 | Z5: =SUM(W5,X5,Y5) -> 34 | AC5: 1 | AD5: 1 | AE5: 1 | AF5: 2 | AG5: 18 | AH5: 2 | AI5: 1
A6: Period 1 only needs to be completed for initial concentration group | C6: Start data entry here from 1 onwards | D6: 100161 | E6: 1 | F6: 1 | T6: 0 | U6: 0 | V6: 0 | AA6: 0 | AB6: 1 | AD6: 0 | AF6: 2 | AG6: 20 | AH6: 1 | AI6: 1
A7: Final = results after resolving any inter-coder discrepancies | D7: 104496 | E7: 1 | F7: 2 | T7: 0 | U7: 0 | V7: 0 | AA7: 0 | AB7: 10 | AD7: 0 | AF7: 1 | AG7: 19 | AH7: 1 | AI7: 1
A8: Percentage = % time participant indicate to be thinking about target thought | D8: 117872 | E8: 2 | F8: 2 | J8: 24 | K8: 5 | L8: 12 | AA8: 0 | AB8: 60 | AD8: 0 | AF8: 1 | AG8: 23 | AH8: 2 | AI8: 1
A9: Probe: did participant fail probe - 1 = yes, 0 = no (to be completed | D9: 120073 | E9: 2 | F9: 2 | J9: 16 | K9: 0 | L9: 3 | AA9: 0 | AB9: 60 | AD9: 0 | AF9: 1 | AG9: 20 | AH9: 1 | AI9: 1
A10: by two independent coders AFTER termination of data collection) | D10: 122535 | E10: 1 | F10: 1 | T10: 0 | U10: 3 | V10: 0 | AA10: 0 | AB10: 40 | AD10: 1 | AF10: 2 | AG10: 22 | AH10: 1 | AI10: 1
A11: MC = manipulation check (think = 1, not think = 2) | D11: 128377 | E11: 2 | F11: 1 | J11: 21 | K11: 4 | L11: 6 | AA11: 0 | AB11: 60 | AD11: 0 | AF11: 1 | AG11: 23 | AH11: 2 | AI11: 1
A12: Gender: female = 1, male = 2, other = 3, prefer not to say = 4 | D12: 143217 | E12: 2 | F12: 4 | J12: 33 | K12: 1 | L12: 5 | AA12: 85 | AB12: 87 | AD12: 0 | AF12: 1 | AG12: 22 | AH12: 1 | AI12: 1
A13: Compliance: complied with experimental instructions? Yes = 1, No = 2 | D13: 155583 | E13: 2 | F13: 1 | J13: 28 | K13: 4 | L13: 5 | AA13: 0 | AB13: 70 | AD13: 0 | AF13: 1 | AG13: 19 | AH13: 1 | AI13: 1
D14: 160903 | E14: 2 | F14: 4 | J14: 26 | K14: 0 | L14: 7 | AA14: 0 | AB14: 90 | AD14: 0 | AF14: 1 | AG14: 20 | AH14: 1 | AI14: 1
D15: 170171 | E15: 1 | F15: 4 | T15: 0 | U15: 4 | V15: 0 | AA15: 0 | AB15: 40 | AD15: 1 | AF15: 1 | AG15: 19 | AH15: 1 | AI15: 1
D16: 194097 | E16: 2 | F16: 1 | J16: 9 | K16: 9 | L16: 8 | AA16: 0 | AB16: 80 | AD16: 0 | AF16: 1 | AG16: 20 | AH16: 1 | AI16: 1
D17: 197532 | E17: 2 | F17: 4 | J17: 12 | K17: 0 | L17: 9 | AA17: 0 | AB17: 90 | AD17: 0 | AF17: 1 | AG17: 21 | AH17: 1 | AI17: 1
D18: 197689 | E18: 1 | F18: 3 | T18: 1 | U18: 7 | V18: 0 | AA18: 2 | AB18: 65 | AD18: 1 | AF18: 1 | AG18: 23 | AH18: 1 | AI18: 2
D19: 199134 | E19: 1 | F19: 3 | T19: 0 | U19: 3 | V19: 1 | AA19: 50 | AB19: 20 | AD19: 1 | AF19: 2 | AG19: 20 | AH19: 1 | AI19: 1
D20: 203165 | E20: 1 | F20: 2 | T20: 3 | U20: 4 | V20: 7 | AA20: 0 | AB20: 20 | AD20: 1 | AF20: 2 | AG20: 18 | AH20: 1 | AI20: 1
D21: 205813 | E21: 1 | F21: 1 | T21: 2 | U21: 3 | V21: 0 | AA21: 0 | AB21: 2 | AD21: 1 | AF21: 2 | AG21: 19 | AH21: 1 | AI21: 1
D22: 215393 | E22: 1 | F22: 3 | T22: 0 | U22: 8 | V22: 2 | AA22: 0 | AB22: 40 | AD22: 1 | AF22: 2 | AG22: 19 | AH22: 1 | AI22: 1
D23: 222449 | E23: 1 | F23: 1 | T23: 0 | U23: 0 | V23: 0 | AA23: 0 | AB23: 20 | AD23: 0 | AF23: 2 | AG23: 19 | AH23: 1 | AI23: 1
D24: 224807 | E24: 1 | F24: 2 | T24: 0 | U24: 0 | V24: 0 | AA24: 0 | AB24: 20 | AD24: 0 | AF24: 2 | AG24: 23 | AH24: 2 | AI24: 1
D25: 243885 | E25: 1 | F25: 3 | T25: 0 | U25: 0 | V25: 0 | AA25: 90 | AB25: 100 | AD25: 0 | AF25: 2 | AG25: 19 | AH25: 1 | AI25: 1
D26: 250971 | E26: 1 | F26: 2 | T26: 0 | U26: 2 | V26: 3 | AA26: 0 | AB26: 10 | AD26: 1 | AF26: 2 | AG26: 18 | AH26: 1 | AI26: 1
D27: 256240 | E27: 2 | F27: 3 | J27: 7 | K27: 20 | L27: 23 | AA27: 5 | AB27: 90 | AD27: 0 | AF27: 1 | AG27: 25 | AH27: 2 | AI27: 1
D28: 262983 | E28: 2 | F28: 2 | J28: 3 | K28: 2 | L28: 3 | AA28: 0 | AB28: 40 | AD28: 0 | AF28: 1 | AG28: 19 | AH28: 1 | AI28: 1
D29: 264413 | E29: 2 | F29: 3 | J29: 11 | K29: 5 | L29: 10 | AA29: 10 | AB29: 90 | AD29: 0 | AF29: 1 | AG29: 19 | AH29: 1 | AI29: 1
D30: 265399 | E30: 2 | F30: 3 | J30: 28 | K30: 1 | L30: 8 | AA30: 0 | AB30: 100 | AD30: 0 | AF30: 1 | AG30: 21 | AH30: 1 | AI30: 1
D31: 277194 | E31: 1 | F31: 1 | T31: 0 | U31: 2 | V31: 0 | AA31: 0 | AB31: 20 | AD31: 1 | AF31: 2 | AG31: 21 | AH31: 1 | AI31: 1
D32: 310918 | E32: 2 | F32: 4 | J32: 21 | K32: 6 | L32: 1 | AA32: 0 | AB32: 70 | AD32: 0 | AF32: 1 | AG32: 22 | AH32: 2 | AI32: 1
D33: 315045 | E33: 1 | F33: 3 | T33: 1 | U33: 3 | V33: 1 | AA33: 10 | AB33: 20 | AD33: 0 | AF33: 2 | AG33: 21 | AH33: 1 | AI33: 1
D34: 326586 | E34: 1 | F34: 2 | T34: 0 | U34: 2 | V34: 1 | AA34: 0 | AB34: 20 | AD34: 1 | AF34: 2 | AG34: 21 | AH34: 1 | AI34: 1
D35: 330133 | E35: 2 | F35: 3 | J35: 18 | K35: 0 | L35: 4 | AA35: 15 | AB35: 90 | AD35: 0 | AF35: 1 | AG35: 29 | AH35: 2 | AI35: 1
D36: 341963 | E36: 2 | F36: 4 | J36: 5 | K36: 0 | L36: 12 | AA36: 0 | AB36: 80 | AD36: 0 | AF36: 1 | AG36: 21 | AH36: 1 | AI36: 1
D37: 352082 | E37: 1 | F37: 1 | T37: 4 | U37: 1 | V37: 4 | AA37: 0 | AB37: 20 | AD37: 1 | AF37: 2 | AG37: 20 | AH37: 1 | AI37: 1
D38: 354902 | E38: 2 | F38: 2 | J38: 0 | K38: 3 | L38: 1 | AA38: 0 | AB38: 10 | AD38: 0 | AF38: 1 | AG38: 20 | AH38: 1 | AI38: 1
D39: 367470 | E39: 1 | F39: 1 | T39: 0 | U39: 0 | V39: 2 | AA39: 0 | AB39: 2 | AD39: 1 | AF39: 2 | AG39: 22 | AH39: 1 | AI39: 1
D40: 377404 | E40: 1 | F40: 2 | T40: 2 | U40: 5 | V40: 0 | AA40: 0 | AB40: 60 | AD40: 1 | AF40: 2 | AG40: 23 | AH40: 1 | AI40: 1
D41: 390736 | E41: 2 | F41: 3 | J41: 17 | K41: 1 | L41: 19 | AA41: 10 | AB41: 95 | AD41: 0 | AF41: 1 | AG41: 21 | AH41: 1 | AI41: 1
D42: 409475 | E42: 1 | F42: 4 | T42: 0 | U42: 2 | V42: 0 | AA42: 0 | AB42: 5 | AD42: 1 | AF42: 2 | AG42: 22 | AH42: 1 | AI42: 1
D43: 413817 | E43: 1 | F43: 2 | T43: 0 | U43: 3 | V43: 1 | AA43: 0 | AB43: 46 | AD43: 1 | AF43: 2 | AG43: 22 | AH43: 1 | AI43: 1
D44: 416519 | E44: 1 | F44: 4 | T44: 1 | U44: 3 | V44: 4 | AA44: 0 | AB44: 13 | AD44: 1 | AF44: 2 | AG44: 19 | AH44: 1 | AI44: 1
D45: 418447 | E45: 2 | F45: 2 | J45: 10 | K45: 5 | L45: 4 | AA45: 0 | AB45: 65 | AD45: 0 | AF45: 2 | AG45: 18 | AH45: 1 | AI45: 1
D46: 428071 | E46: 1 | F46: 2 | T46: 0 | U46: 1 | V46: 2 | AA46: 0 | AB46: 15 | AD46: 1 | AF46: 2 | AG46: 18 | AH46: 1 | AI46: 1
D47: 435253 | E47: 2 | F47: 4 | J47: 6 | K47: 0 | L47: 6 | AA47: 0 | AB47: 100 | AD47: 0 | AF47: 1 | AG47: 21 | AH47: 1 | AI47: 1
D48: 441477 | E48: 1 | F48: 2 | T48: 0 | U48: 5 | V48: 0 | AA48: 0 | AB48: 5 | AD48: 1 | AF48: 2 | AG48: 25 | AH48: 2 | AI48: 1
D49: 445369 | E49: 1 | F49: 3 | T49: 3 | U49: 3 | V49: 0 | AA49: 0 | AB49: 20 | AD49: 1 | AF49: 2 | AG49: 22 | AH49: 1 | AI49: 1
D50: 452604 | E50: 2 | F50: 2 | J50: 6 | K50: 0 | L50: 6 | AA50: 0 | AB50: 100 | AD50: 0 | AF50: 1 | AG50: 20 | AH50: 1 | AI50: 1
D51: 469557 | E51: 1 | F51: 4 | T51: 1 | U51: 2 | V51: 3 | AA51: 0 | AB51: 70 | AD51: 1 | AF51: 2 | AG51: 21 | AH51: 1 | AI51: 1
D52: 476484 | E52: 1 | F52: 2 | T52: 0 | U52: 3 | V52: 0 | AA52: 0 | AB52: 15 | AD52: 1 | AF52: 2 | AG52: 22 | AH52: 2 | AI52: 1
D53: 481252 | E53: 2 | F53: 4 | J53: 5 | K53: 1 | L53: 16 | AA53: 0 | AB53: 98 | AD53: 0 | AF53: 1 | AG53: 21 | AH53: 1 | AI53: 1
D54: 489998 | E54: 1 | F54: 3 | T54: 4 | U54: 2 | V54: 4 | AA54: 10 | AB54: 50 | AD54: 1 | AF54: 2 | AG54: 22 | AH54: 2 | AI54: 1
D55: 490339 | E55: 1 | F55: 3 | T55: 3 | U55: 3 | V55: 0 | AA55: 0 | AB55: 20 | AD55: 1 | AF55: 2 | AG55: 22 | AH55: 2 | AI55: 1
D56: 491278 | E56: 1 | F56: 3 | T56: 0 | U56: 0 | V56: 1 | AA56: 30 | AB56: 40 | AD56: 1 | AF56: 2 | AG56: 21 | AH56: 1 | AI56: 1
D57: 494867 | E57: 1 | F57: 1 | T57: 2 | U57: 11 | V57: 1 | AA57: 0 | AB57: 100 | AD57: 1 | AF57: 2 | AG57: 20 | AH57: 1 | AI57: 1
D58: 495372 | E58: 1 | F58: 1 | T58: 2 | U58: 3 | V58: 0 | AA58: 0 | AB58: 60 | AD58: 1 | AF58: 2 | AG58: 20 | AH58: 1 | AI58: 1
D59: 496998 | E59: 2 | F59: 3 | J59: 6 | K59: 0 | L59: 77 | AA59: 10 | AB59: 95 | AD59: 0 | AF59: 1 | AG59: 23 | AH59: 2 | AI59: 1
D60: 526851 | E60: 2 | F60: 1 | J60: 0 | K60: 9 | L60: 1 | AA60: 0 | AB60: 60 | AD60: 0 | AF60: 1 | AG60: 20 | AH60: 1 | AI60: 1
D61: 532805 | E61: 1 | F61: 3 | T61: 0 | U61: 6 | V61: 0 | AA61: 10 | AB61: 5 | AD61: 1 | AF61: 2 | AG61: 21 | AH61: 2 | AI61: 1
D62: 535423 | E62: 1 | F62: 4 | T62: 0 | U62: 0 | V62: 0 | AA62: 0 | AB62: 5 | AD62: 0 | AF62: 2 | AG62: 25 | AH62: 2 | AI62: 1
D63: 541177 | E63: 2 | F63: 2 | J63: 6 | K63: 4 | L63: 15 | AA63: 0 | AB63: 70 | AD63: 0 | AF63: 2 | AG63: 21 | AH63: 2 | AI63: 1
D64: 542791 | E64: 2 | F64: 4 | J64: 1 | K64: 6 | L64: 1 | AA64: 0 | AB64: 5 | AD64: 0 | AF64: 1 | AG64: 20 | AH64: 1 | AI64: 1
D65: 543100 | E65: 1 | F65: 2 | T65: 0 | U65: 5 | V65: 0 | AA65: 0 | AB65: 20 | AD65: 1 | AF65: 2 | AG65: 22 | AH65: 2 | AI65: 1
D66: 547114 | E66: 2 | F66: 3 | J66: 12 | K66: 2 | L66: 12 | AA66: 20 | AB66: 90 | AD66: 0 | AF66: 1 | AG66: 21 | AH66: 1 | AI66: 1
D67: 557171 | E67: 2 | F67: 4 | J67: 10 | K67: 10 | L67: 9 | AA67: 0 | AB67: 80 | AD67: 0 | AF67: 1 | AG67: 22 | AH67: 1 | AI67: 1
D68: 557703 | E68: 1 | F68: 3 | T68: 0 | U68: 0 | V68: 0 | AA68: 25 | AB68: 0 | AD68: 0 | AF68: 2 | AG68: 18 | AH68: 1 | AI68: 1
D69: 587625 | E69: 2 | F69: 4 | J69: 8 | K69: 5 | L69: 6 | AA69: 0 | AB69: 65 | AD69: 0 | AF69: 1 | AG69: 20 | AH69: 1 | AI69: 1
D70: 594345 | E70: 2 | F70: 1 | J70: 0 | K70: 8 | L70: 0 | AA70: 0 | AB70: 40 | AD70: 0 | AF70: 2 | AG70: 20 | AH70: 1 | AI70: 1
D71: 599127 | E71: 1 | F71: 4 | T71: 1 | U71: 3 | V71: 1 | AA71: 0 | AB71: 15 | AD71: 1 | AF71: 2 | AG71: 24 | AH71: 2 | AI71: 1
D72: 605412 | E72: 2 | F72: 1 | J72: 8 | K72: 0 | L72: 0 | AA72: 0 | AB72: 60 | AD72: 0 | AF72: 1 | AG72: 22 | AH72: 1 | AI72: 1
D73: 608930 | E73: 1 | F73: 1 | T73: 1 | U73: 3 | V73: 0 | AA73: 0 | AB73: 15 | AD73: 1 | AF73: 2 | AG73: 22 | AH73: 2 | AI73: 1
D74: 609217 | E74: 1 | F74: 1 | T74: 0 | U74: 0 | V74: 0 | AA74: 0 | AB74: 8 | AD74: 0 | AF74: 2 | AG74: 21 | AH74: 2 | AI74: 1
D75: 610784 | E75: 2 | F75: 3 | J75: 23 | K75: 1 | L75: 3 | AA75: 0 | AB75: 80 | AD75: 0 | AF75: 1 | AG75: 20 | AH75: 2 | AI75: 1
D76: 623053 | E76: 1 | F76: 3 | T76: 2 | U76: 1 | V76: 0 | AA76: 0 | AB76: 20 | AD76: 1 | AF76: 2 | AG76: 20 | AH76: 1 | AI76: 1
D77: 633302 | E77: 2 | F77: 1 | J77: 0 | K77: 6 | L77: 0 | AA77: 0 | AB77: 30 | AD77: 1 | AF77: 1 | AG77: 19 | AH77: 1 | AI77: 1
D78: 639735 | E78: 2 | F78: 3 | J78: 16 | K78: 8 | L78: 0 | AA78: 0 | AB78: 85 | AD78: 0 | AF78: 1 | AG78: 19 | AH78: 1 | AI78: 1
D79: 645442 | E79: 1 | F79: 2 | T79: 0 | U79: 0 | V79: 0 | AA79: 0 | AB79: 20 | AD79: 0 | AF79: 2 | AG79: 23 | AH79: 2 | AI79: 1
D80: 653675 | E80: 1 | F80: 2 | T80: 2 | U80: 0 | V80: 1 | AA80: 0 | AB80: 30 | AD80: 1 | AF80: 2 | AG80: 20 | AH80: 1 | AI80: 1
D81: 665958 | E81: 2 | F81: 1 | J81: 11 | K81: 0 | L81: 3 | AA81: 0 | AB81: 80 | AD81: 0 | AF81: 1 | AG81: 18 | AH81: 3 | AI81: 1
D82: 670992 | E82: 1 | F82: 1 | T82: 2 | U82: 1 | V82: 0 | AA82: 0 | AB82: 10 | AD82: 1 | AF82: 2 | AG82: 19 | AH82: 1 | AI82: 1
D83: 702138 | E83: 2 | F83: 1 | J83: 6 | K83: 1 | L83: 6 | AA83: 0 | AB83: 40 | AD83: 0 | AF83: 1 | AG83: 20 | AH83: 1 | AI83: 1
D84: 720290 | E84: 2 | F84: 4 | J84: 11 | K84: 0 | L84: 17 | AA84: 0 | AB84: 100 | AD84: 0 | AF84: 1 | AG84: 20 | AH84: 1 | AI84: 1
D85: 726223 | E85: 1 | F85: 2 | T85: 0 | U85: 2 | V85: 0 | AA85: 0 | AB85: 30 | AD85: 1 | AF85: 2 | AG85: 22 | AH85: 2 | AI85: 1
D86: 736700 | E86: 2 | F86: 2 | J86: 11 | K86: 6 | L86: 17 | AA86: 0 | AB86: 85 | AD86: 0 | AF86: 1 | AG86: 23 | AH86: 2 | AI86: 1
D87: 741394 | E87: 1 | F87: 3 | T87: 2 | U87: 2 | V87: 0 | AA87: 18 | AB87: 80 | AD87: 1 | AF87: 2 | AG87: 21 | AH87: 1 | AI87: 1
D88: 741553 | E88: 1 | F88: 3 | T88: 1 | U88: 5 | V88: 4 | AA88: 0 | AB88: 60 | AD88: 1 | AF88: 2 | AG88: 21 | AH88: 1 | AI88: 1
D89: 747659 | E89: 2 | F89: 2 | J89: 2 | K89: 4 | L89: 8 | AA89: 0 | AB89: 35 | AD89: 0 | AF89: 1 | AG89: 21 | AH89: 1 | AI89: 1
D90: 748197 | E90: 1 | F90: 4 | T90: 0 | U90: 6 | V90: 1 | AA90: 5 | AB90: 70 | AD90: 1 | AF90: 2 | AG90: 21 | AH90: 1 | AI90: 1
D91: 760106 | E91: 1 | F91: 1 | T91: 0 | U91: 1 | V91: 1 | AA91: 0 | AB91: 5 | AD91: 1 | AF91: 2 | AG91: 19 | AH91: 1 | AI91: 1
D92: 768110 | E92: 2 | F92: 1 | J92: 1 | K92: 13 | L92: 20 | AA92: 0 | AB92: 65 | AD92: 0 | AF92: 1 | AG92: 20 | AH92: 1 | AI92: 1
D93: 771088 | E93: 1 | F93: 2 | T93: 0 | U93: 3 | V93: 0 | AA93: 0 | AB93: 30 | AD93: 1 | AF93: 2 | AG93: 20 | AH93: 1 | AI93: 1
D94: 773742 | E94: 2 | F94: 2 | J94: 0 | K94: 2 | L94: 6 | AA94: 0 | AB94: 40 | AD94: 0 | AF94: 1 | AG94: 20 | AH94: 1 | AI94: 1
D95: 784958 | E95: 2 | F95: 3 | J95: 7 | K95: 3 | L95: 50 | AA95: 0 | AB95: 90 | AD95: 0 | AF95: 1 | AG95: 22 | AH95: 1 | AI95: 1
D96: 792507 | E96: 2 | F96: 4 | J96: 1 | K96: 1 | L96: 13 | AA96: 0 | AB96: 100 | AD96: 0 | AF96: 1 | AG96: 20 | AH96: 1 | AI96: 1
D97: 793439 | E97: 2 | F97: 2 | J97: 26 | K97: 3 | L97: 0 | AA97: 0 | AB97: 90 | AD97: 0 | AF97: 1 | AG97: 21 | AH97: 1 | AI97: 1
D98: 798936 | E98: 2 | F98: 3 | J98: 18 | K98: 11 | L98: 40 | AA98: 10 | AB98: 95 | AD98: 0 | AF98: 1 | AG98: 22 | AH98: 1 | AI98: 1
D99: 801742 | E99: 2 | F99: 2 | J99: 2 | K99: 10 | L99: 2 | AA99: 0 | AB99: 80 | AD99: 0 | AF99: 1 | AG99: 20 | AH99: 1 | AI99: 1
D100: 805385 | E100: 2 | F100: 1 | J100: 8 | K100: 1 | L100: 3 | AA100: 0 | AB100: 50 | AD100: 0 | AF100: 1 | AG100: 21 | AH100: 1 | AI100: 1
...

Sheet Resolved
A1: Notes: | D1: ParticipantID | E1: Condition | F1: Targetword | G1: A_period.1.coder1 | H1: B_period.1.coder1 | I1: C_period.1.coder1 | J1: A_period.1.coder2 | K1: B_period.1.coder2 | L1: C_period.1.coder2 | M1: A_period.1.final | N1: B_period.1.final | O1: C_period.1.final | P1: sum.of.ABC_period.1.final | Q1: A_period.2.coder1 | R1: B_period.2.coder1 | S1: C_period.2.coder1 | T1: A_period.2.coder2 | U1: B_period.2.coder2 | V1: C_period.2.coder2 | W1: A_period.2.final | X1: B_period.2.final | Y1: C_period.2.final | Z1: sum.ABC_period2.final | AA1: Percentage.round.1 | AB1: Percentage.round.2 | AC1: probe.coder1 | AD1: probe.coder2 | AE1: probe.final | AF1: MC | AG1: age | AH1: gender | AI1: Compliance
A2: Condition (initial suppression = 1, initial concentration = 2) | C2: Example | D2: 1001 | E2: 1 | F2: 1 | G2: 18 | H2: 4 | I2: 8 | J2: 18 | K2: 4 | L2: 8 | M2: 18 | N2: 4 | O2: 8 | P2: =SUM(M2,Q2,N2,O2) -> 44 | Q2: 14 | R2: 15 | S2: 20 | T2: 14 | U2: 15 | V2: 20 | W2: 14 | X2: 15 | Y2: 20 | Z2: =SUM(W2,X2,Y2) -> 49 | AC2: 0 | AD2: 0 | AE2: 0 | AF2: 1 (think) | AG2: 30 | AH2: 1 | AI2: 1 (yes)
A3: Target word (gorilla = 1, tiger = 2, food = 3, diseases = 4) | D3: 1002 | E3: 1 | F3: 2 | G3: 18 | H3: 16 | I3: 16 | J3: 18 | K3: 16 | L3: 16 | M3: 18 | N3: 16 | O3: 16 | P3: =SUM(M3,Q3,N3,O3) -> 63 | Q3: 13 | R3: 16 | S3: 15 | T3: 13 | U3: 16 | V3: 15 | W3: 13 | X3: 16 | Y3: 15 | Z3: =SUM(W3,X3,Y3) -> 44 | AC3: 0 | AD3: 1 | AE3: 0 | AF3: 1 | AG3: 25 | AH3: 1 | AI3: 1
A4: Participant ID should start from 121 rather than 001 | D4: 1003 | E4: 2 | F4: 3 | G4: 2 | H4: 3 | I4: 19 | J4: 2 | K4: 3 | L4: 19 | M4: 2 | N4: 3 | O4: 19 | P4: =SUM(M4,Q4,N4,O4) -> 37 | Q4: 13 | R4: 3 | S4: 5 | T4: 13 | U4: 3 | V4: 5 | W4: 13 | X4: 3 | Y4: 5 | Z4: =SUM(W4,X4,Y4) -> 21 | AC4: 0 | AD4: 0 | AE4: 0 | AF4: 2 (not think) | AG4: 26 | AH4: 2 | AI4: 1
A5: A = number of target thought mentions only, B = number of bell rings only, C = number of thought mentions and bell rings at the same time | D5: 1004 | E5: 2 | F5: 4 | G5: 20 | H5: 13 | I5: 2 | J5: 20 | K5: 13 | L5: 2 | M5: 20 | N5: 13 | O5: 2 | P5: =SUM(M5,Q5,N5,O5) -> 43 | Q5: 8 | R5: 14 | S5: 12 | T5: 8 | U5: 14 | V5: 12 | W5: 8 | X5: 14 | Y5: 12 | Z5: =SUM(W5,X5,Y5) -> 34 | AC5: 1 | AD5: 1 | AE5: 1 | AF5: 2 | AG5: 18 | AH5: 2 | AI5: 1
A6: Period 1 only needs to be completed for initial concentration group | C6: Start data entry here from 1 onwards | D6: 100161 | E6: 1 | F6: 1 | Q6: 0 | R6: 0 | S6: 0 | T6: 0 | U6: 0 | V6: 0 | W6: 0 | X6: 0 | Y6: 0 | Z6: =SUM(W6:Y6) -> 0 | AA6: 0 | AB6: 1 | AC6: 0 | AD6: 0 | AE6: 0 | AF6: 2 | AG6: 20 | AH6: 1 | AI6: 1
A7: Final = results after resolving any inter-coder discrepancies | D7: 104496 | E7: 1 | F7: 2 | Q7: 0 | R7: 0 | S7: 0 | T7: 0 | U7: 0 | V7: 0 | W7: 0 | X7: 0 | Y7: 0 | Z7: =SUM(W7:Y7) -> 0 | AA7: 0 | AB7: 10 | AC7: 0 | AD7: 0 | AE7: 0 | AF7: 1 | AG7: 19 | AH7: 1 | AI7: 1
A8: Percentage = % time participant indicate to be thinking about target thought | D8: 117872 | E8: 2 | F8: 2 | G8: 20 | H8: 7 | I8: 14 | J8: 24 | K8: 5 | L8: 12 | M8: 24 | N8: 5 | O8: 12 | P8: =SUM(L8:O8) -> 53 | Q8: 20 | R8: 7 | S8: 14 | T8: 24 | U8: 5 | V8: 12 | W8: 24 | X8: 5 | Y8: 12 | Z8: =SUM(W8:Y8) -> 41 | AA8: 0 | AB8: 60 | AC8: 0 | AD8: 0 | AE8: 0 | AF8: 1 | AG8: 23 | AH8: 2 | AI8: 1
A9: Probe: did participant fail probe - 1 = yes, 0 = no (to be completed | D9: 120073 | E9: 2 | F9: 2 | G9: 21 | H9: 0 | I9: 3 | J9: 16 | K9: 0 | L9: 3 | M9: 16 | N9: 0 | O9: 3 | P9: =SUM(L9:O9) -> 22 | Q9: 21 | R9: 0 | S9: 3 | T9: 16 | U9: 0 | V9: 3 | W9: 16 | X9: 0 | Y9: 3 | Z9: =SUM(W9:Y9) -> 19 | AA9: 0 | AB9: 60 | AC9: 0 | AD9: 0 | AE9: 0 | AF9: 1 | AG9: 20 | AH9: 1 | AI9: 1
A10: by two independent coders AFTER termination of data collection) | D10: 122535 | E10: 1 | F10: 1 | Q10: 0 | R10: 1 | S10: 0 | T10: 0 | U10: 3 | V10: 0 | W10: 0 | X10: 3 | Y10: 0 | Z10: =SUM(W10:Y10) -> 3 | AA10: 0 | AB10: 40 | AC10: 1 | AD10: 1 | AE10: 1 | AF10: 2 | AG10: 22 | AH10: 1 | AI10: 1
A11: MC = manipulation check (think = 1, not think = 2) | D11: 128377 | E11: 2 | F11: 1 | G11: 23 | H11: 7 | I11: 9 | J11: 21 | K11: 4 | L11: 6 | M11: 21 | N11: 4 | O11: 6 | P11: =SUM(L11:O11) -> 37 | Q11: 23 | R11: 7 | S11: 9 | T11: 21 | U11: 4 | V11: 6 | W11: 21 | X11: 4 | Y11: 6 | Z11: =SUM(W11:Y11) -> 31 | AA11: 0 | AB11: 60 | AC11: 0 | AD11: 0 | AE11: 0 | AF11: 1 | AG11: 23 | AH11: 2 | AI11: 1
A12: Gender: female = 1, male = 2, other = 3, prefer not to say = 4 | D12: 143217 | E12: 2 | F12: 4 | G12: 37 | H12: 3 | I12: 2 | J12: 33 | K12: 1 | L12: 5 | M12: 33 | N12: 1 | O12: 5 | P12: =SUM(L12:O12) -> 44 | Q12: 37 | R12: 3 | S12: 2 | T12: 33 | U12: 1 | V12: 5 | W12: 33 | X12: 1 | Y12: 5 | Z12: =SUM(W12:Y12) -> 39 | AA12: 85 | AB12: 87 | AC12: 0 | AD12: 0 | AE12: 0 | AF12: 1 | AG12: 22 | AH12: 1 | AI12: 1
A13: Compliance: complied with experimental instructions? Yes = 1, No = 2 | D13: 155583 | E13: 2 | F13: 1 | G13: 35 | H13: 3 | I13: 4 | J13: 30 | K13: 3 | L13: 4 | M13: 30 | N13: 3 | O13: 4 | P13: =SUM(L13:O13) -> 41 | Q13: 35 | R13: 3 | S13: 4 | T13: 30 | U13: 3 | V13: 4 | W13: 30 | X13: 3 | Y13: 4 | Z13: =SUM(W13:Y13) -> 37 | AA13: 0 | AB13: 70 | AC13: 0 | AD13: 0 | AE13: 0 | AF13: 1 | AG13: 19 | AH13: 1 | AI13: 1
D14: 160903 | E14: 2 | F14: 4 | G14: 27 | H14: 0 | I14: 8 | J14: 26 | K14: 0 | L14: 7 | M14: 26 | N14: 0 | O14: 7 | P14: =SUM(L14:O14) -> 40 | Q14: 27 | R14: 0 | S14: 8 | T14: 26 | U14: 0 | V14: 7 | W14: 26 | X14: 0 | Y14: 7 | Z14: =SUM(W14:Y14) -> 33 | AA14: 0 | AB14: 90 | AC14: 0 | AD14: 0 | AE14: 0 | AF14: 1 | AG14: 20 | AH14: 1 | AI14: 1
A15: not think = 1 | D15: 170171 | E15: 1 | F15: 4 | Q15: 0 | R15: 2 | S15: 0 | T15: 0 | U15: 4 | V15: 0 | W15: 0 | X15: 2 | Y15: 0 | Z15: =SUM(W15:Y15) -> 2 | AA15: 0 | AB15: 40 | AC15: 1 | AD15: 1 | AE15: 1 | AF15: 1 | AG15: 19 | AH15: 1 | AI15: 1
A16: think =2 | D16: 194097 | E16: 2 | F16: 1 | G16: 6 | H16: 11 | I16: 12 | J16: 9 | K16: 9 | L16: 8 | M16: 6 | N16: 11 | O16: 12 | P16: =SUM(M16:O16) -> 29 | Q16: 6 | R16: 11 | S16: 12 | T16: 9 | U16: 9 | V16: 8 | W16: 6 | X16: 11 | Y16: 12 | Z16: =SUM(W16:Y16) -> 29 | AA16: 0 | AB16: 80 | AC16: 0 | AD16: 0 | AE16: 0 | AF16: 1 | AG16: 20 | AH16: 1 | AI16: 1
D17: 197532 | E17: 2 | F17: 4 | G17: 22 | H17: 0 | I17: 7 | J17: 12 | K17: 0 | L17: 9 | M17: 20 | N17: 0 | O17: 9 | P17: =SUM(M17:O17) -> 29 | Q17: 22 | R17: 0 | S17: 7 | T17: 12 | U17: 0 | V17: 9 | W17: 20 | X17: 0 | Y17: 9 | Z17: =SUM(W17:Y17) -> 29 | AA17: 0 | AB17: 90 | AC17: 0 | AD17: 0 | AE17: 0 | AF17: 1 | AG17: 21 | AH17: 1 | AI17: 1
A18: =ROWS(E6:E126) -> 121 | D18: 197689 | E18: 1 | F18: 3 | Q18: 0 | R18: 2 | S18: 1 | T18: 1 | U18: 7 | V18: 0 | W18: 1 | X18: 7 | Y18: 0 | Z18: =SUM(W18:Y18) -> 8 | AA18: 2 | AB18: 65 | AC18: 1 | AD18: 1 | AE18: 1 | AF18: 1 | AG18: 23 | AH18: 1 | AI18: 2
D19: 199134 | E19: 1 | F19: 3 | Q19: 2 | R19: 2 | S19: 1 | T19: 0 | U19: 3 | V19: 1 | W19: 2 | X19: 2 | Y19: 1 | Z19: =SUM(W19:Y19) -> 5 | AA19: 50 | AB19: 20 | AC19: 1 | AD19: 1 | AE19: 1 | AF19: 2 | AG19: 20 | AH19: 1 | AI19: 1
D20: 203165 | E20: 1 | F20: 2 | Q20: 2 | R20: 3 | S20: 8 | T20: 3 | U20: 4 | V20: 7 | W20: 3 | X20: 4 | Y20: 7 | Z20: =SUM(W20:Y20) -> 14 | AA20: 0 | AB20: 20 | AC20: 1 | AD20: 1 | AE20: 1 | AF20: 2 | AG20: 18 | AH20: 1 | AI20: 1
D21: 205813 | E21: 1 | F21: 1 | Q21: 1 | R21: 1 | S21: 1 | T21: 2 | U21: 3 | V21: 0 | W21: 1 | X21: 1 | Y21: 1 | Z21: =SUM(W21:Y21) -> 3 | AA21: 0 | AB21: 2 | AC21: 1 | AD21: 1 | AE21: 1 | AF21: 2 | AG21: 19 | AH21: 1 | AI21: 1
D22: 215393 | E22: 1 | F22: 3 | Q22: 0 | R22: 12 | S22: 0 | T22: 0 | U22: 8 | V22: 2 | W22: 0 | X22: 8 | Y22: 2 | Z22: =SUM(W22:Y22) -> 10 | AA22: 0 | AB22: 40 | AC22: 1 | AD22: 1 | AE22: 1 | AF22: 2 | AG22: 19 | AH22: 1 | AI22: 1
D23: 222449 | E23: 1 | F23: 1 | Q23: 0 | R23: 2 | S23: 0 | T23: 0 | U23: 3 | V23: 0 | W23: 0 | X23: 3 | Y23: 0 | Z23: =SUM(W23:Y23) -> 3 | AA23: 0 | AB23: 20 | AC23: 1 | AD23: 1 | AE23: 1 | AF23: 2 | AG23: 19 | AH23: 1 | AI23: 1
D24: 224807 | E24: 1 | F24: 2 | Q24: 1 | R24: 7 | S24: 1 | T24: 1 | U24: 5 | V24: 2 | W24: 1 | X24: 7 | Y24: 1 | Z24: =SUM(W24:Y24) -> 9 | AA24: 0 | AB24: 20 | AC24: 1 | AD24: 1 | AE24: 1 | AF24: 2 | AG24: 23 | AH24: 2 | AI24: 1
D25: 243885 | E25: 1 | F25: 3 | Q25: 0 | R25: 1 | S25: 0 | T25: 0 | U25: 1 | V25: 0 | W25: 0 | X25: 1 | Y25: 0 | Z25: =SUM(W25:Y25) -> 1 | AA25: 90 | AB25: 100 | AC25: 1 | AD25: 1 | AE25: 1 | AF25: 2 | AG25: 19 | AH25: 1 | AI25: 1
D26: 250971 | E26: 1 | F26: 2 | Q26: 0 | R26: 2 | S26: 1 | T26: 0 | U26: 2 | V26: 3 | W26: 0 | X26: 2 | Y26: 3 | Z26: =SUM(W26:Y26) -> 5 | AA26: 0 | AB26: 10 | AC26: 1 | AD26: 1 | AE26: 1 | AF26: 2 | AG26: 18 | AH26: 1 | AI26: 1
D27: 256240 | E27: 2 | F27: 3 | G27: 9 | H27: 25 | I27: 21 | J27: 7 | K27: 20 | L27: 23 | M27: 7 | N27: 20 | O27: 23 | P27: =SUM(M27:O27) -> 50 | Q27: 9 | R27: 25 | S27: 21 | T27: 7 | U27: 20 | V27: 23 | W27: 7 | X27: 20 | Y27: 23 | Z27: =SUM(W27:Y27) -> 50 | AA27: 5 | AB27: 90 | AC27: 0 | AD27: 0 | AE27: 0 | AF27: 1 | AG27: 25 | AH27: 2 | AI27: 1
D28: 262983 | E28: 2 | F28: 2 | G28: 5 | H28: 2 | I28: 3 | J28: 3 | K28: 2 | L28: 3 | M28: 3 | N28: 2 | O28: 3 | P28: =SUM(M28:O28) -> 8 | Q28: 5 | R28: 2 | S28: 3 | T28: 3 | U28: 2 | V28: 3 | W28: 3 | X28: 2 | Y28: 3 | Z28: =SUM(W28:Y28) -> 8 | AA28: 0 | AB28: 40 | AC28: 0 | AD28: 0 | AE28: 0 | AF28: 1 | AG28: 19 | AH28: 1 | AI28: 1
D29: 264413 | E29: 2 | F29: 3 | G29: 25 | H29: 3 | I29: 15 | J29: 11 | K29: 5 | L29: 10 | M29: 25 | N29: 3 | O29: 15 | P29: =SUM(M29:O29) -> 43 | Q29: 25 | R29: 3 | S29: 15 | T29: 11 | U29: 5 | V29: 10 | W29: 25 | X29: 3 | Y29: 15 | Z29: =SUM(W29:Y29) -> 43 | AA29: 10 | AB29: 90 | AC29: 0 | AD29: 0 | AE29: 0 | AF29: 1 | AG29: 19 | AH29: 1 | AI29: 1
D30: 265388 | E30: 2 | F30: 3 | G30: 23 | H30: 0 | I30: 10 | J30: 28 | K30: 1 | L30: 8 | M30: 28 | N30: 1 | O30: 8 | P30: =SUM(M30:O30) -> 37 | Q30: 23 | R30: 0 | S30: 10 | T30: 28 | U30: 1 | V30: 8 | W30: 28 | X30: 1 | Y30: 8 | Z30: =SUM(W30:Y30) -> 37 | AA30: 0 | AB30: 100 | AC30: 0 | AD30: 0 | AE30: 0 | AF30: 1 | AG30: 21 | AH30: 1 | AI30: 1
D31: 277194 | E31: 1 | F31: 1 | Q31: 0 | R31: 5 | S31: 0 | T31: 0 | U31: 2 | V31: 0 | W31: 0 | X31: 5 | Y31: 0 | Z31: =SUM(W31:Y31) -> 5 | AA31: 0 | AB31: 20 | AC31: 1 | AD31: 1 | AE31: 1 | AF31: 2 | AG31: 21 | AH31: 1 | AI31: 1
D32: 310918 | E32: 2 | F32: 4 | G32: 25 | H32: 4 | I32: 6 | J32: 21 | K32: 6 | L32: 1 | M32: 25 | N32: 4 | O32: 6 | P32: =SUM(M32:O32) -> 35 | Q32: 25 | R32: 4 | S32: 6 | T32: 21 | U32: 6 | V32: 1 | W32: 25 | X32: 4 | Y32: 6 | Z32: =SUM(W32:Y32) -> 35 | AA32: 0 | AB32: 70 | AC32: 0 | AD32: 0 | AE32: 0 | AF32: 1 | AG32: 22 | AH32: 2 | AI32: 1
D33: 315045 | E33: 1 | F33: 3 | Q33: 2 | R33: 2 | S33: 1 | T33: 1 | U33: 3 | V33: 1 | W33: 1 | X33: 3 | Y33: 1 | Z33: =SUM(W33:Y33) -> 5 | AA33: 10 | AB33: 20 | AC33: 0 | AD33: 0 | AE33: 0 | AF33: 2 | AG33: 21 | AH33: 1 | AI33: 1
D34: 326586 | E34: 1 | F34: 2 | Q34: 0 | R34: 2 | S34: 1 | T34: 0 | U34: 2 | V34: 1 | W34: 0 | X34: 2 | Y34: 1 | Z34: =SUM(W34:Y34) -> 3 | AA34: 0 | AB34: 20 | AC34: 1 | AD34: 1 | AE34: 1 | AF34: 2 | AG34: 21 | AH34: 1 | AI34: 1
D35: 330133 | E35: 2 | F35: 3 | G35: 15 | H35: 7 | I35: 19 | J35: 25 | K35: 3 | L35: 9 | M35: 22 | N35: 5 | O35: 13 | P35: =SUM(M35:O35) -> 40 | Q35: 15 | R35: 7 | S35: 19 | T35: 25 | U35: 3 | V35: 9 | W35: 22 | X35: 5 | Y35: 13 | Z35: =SUM(W35:Y35) -> 40 | AA35: 15 | AB35: 90 | AC35: 0 | AD35: 0 | AE35: 0 | AF35: 1 | AG35: 29 | AH35: 2 | AI35: 1
D36: 341963 | E36: 2 | F36: 4 | G36: 4 | H36: 1 | I36: 14 | J36: 5 | K36: 0 | L36: 12 | M36: 5 | N36: 0 | O36: 12 | P36: =SUM(M36:O36) -> 17 | Q36: 4 | R36: 1 | S36: 14 | T36: 5 | U36: 0 | V36: 12 | W36: 5 | X36: 0 | Y36: 12 | Z36: =SUM(W36:Y36) -> 17 | AA36: 0 | AB36: 80 | AC36: 0 | AD36: 0 | AE36: 0 | AF36: 1 | AG36: 21 | AH36: 1 | AI36: 1
D37: 352082 | E37: 1 | F37: 1 | Q37: 0 | R37: 8 | S37: 8 | T37: 4 | U37: 3 | V37: 4 | W37: 4 | X37: 3 | Y37: 4 | Z37: =SUM(W37:Y37) -> 11 | AA37: 0 | AB37: 20 | AC37: 1 | AD37: 1 | AE37: 1 | AF37: 2 | AG37: 20 | AH37: 1 | AI37: 1
D38: 354902 | E38: 2 | F38: 2 | G38: 0 | H38: 8 | I38: 0 | J38: 0 | K38: 3 | L38: 1 | M38: 0 | N38: 3 | O38: 1 | P38: =SUM(M38:O38) -> 4 | Q38: 0 | R38: 8 | S38: 0 | T38: 0 | U38: 3 | V38: 1 | W38: 0 | X38: 3 | Y38: 1 | Z38: =SUM(W38:Y38) -> 4 | AA38: 0 | AB38: 10 | AC38: 0 | AD38: 0 | AE38: 0 | AF38: 1 | AG38: 20 | AH38: 1 | AI38: 1
D39: 367470 | E39: 1 | F39: 1 | Q39: 0 | R39: 3 | S39: 2 | T39: 0 | U39: 0 | V39: 2 | W39: 0 | X39: 3 | Y39: 2 | Z39: =SUM(W39:Y39) -> 5 | AA39: 0 | AB39: 2 | AC39: 1 | AD39: 1 | AE39: 1 | AF39: 2 | AG39: 22 | AH39: 1 | AI39: 1
D40: 377404 | E40: 1 | F40: 2 | Q40: 0 | R40: 12 | S40: 2 | T40: 1 | U40: 12 | V40: 1 | W40: 0 | X40: 12 | Y40: 2 | Z40: =SUM(W40:Y40) -> 14 | AA40: 0 | AB40: 60 | AC40: 1 | AD40: 1 | AE40: 1 | AF40: 2 | AG40: 23 | AH40: 1 | AI40: 1
D41: 390736 | E41: 2 | F41: 3 | G41: 0 | H41: 12 | I41: 38 | J41: 3 | K41: 8 | L41: 40 | M41: 3 | N41: 8 | O41: 40 | P41: =SUM(M41:O41) -> 51 | Q41: 0 | R41: 12 | S41: 38 | T41: 3 | U41: 8 | V41: 40 | W41: 3 | X41: 8 | Y41: 40 | Z41: =SUM(W41:Y41) -> 51 | AA41: 10 | AB41: 95 | AC41: 0 | AD41: 0 | AE41: 0 | AF41: 1 | AG41: 21 | AH41: 1 | AI41: 1
D42: 409475 | E42: 1 | F42: 4 | Q42: 0 | R42: 2 | S42: 0 | T42: 0 | U42: 2 | V42: 0 | W42: 0 | X42: 2 | Y42: 0 | Z42: =SUM(W42:Y42) -> 2 | AA42: 0 | AB42: 5 | AC42: 1 | AD42: 1 | AE42: 1 | AF42: 2 | AG42: 22 | AH42: 1 | AI42: 1
D43: 413817 | E43: 1 | F43: 2 | Q43: 1 | R43: 6 | S43: 0 | T43: 0 | U43: 3 | V43: 1 | W43: 1 | X43: 6 | Y43: 0 | Z43: =SUM(W43:Y43) -> 7 | AA43: 0 | AB43: 46 | AC43: 1 | AD43: 1 | AE43: 1 | AF43: 2 | AG43: 22 | AH43: 1 | AI43: 1
D44: 416519 | E44: 1 | F44: 4 | Q44: 0 | R44: 3 | S44: 5 | T44: 1 | U44: 3 | V44: 4 | W44: 1 | X44: 3 | Y44: 4 | Z44: =SUM(W44:Y44) -> 8 | AA44: 0 | AB44: 13 | AC44: 1 | AD44: 1 | AE44: 1 | AF44: 2 | AG44: 19 | AH44: 1 | AI44: 1
D45: 418447 | E45: 2 | F45: 2 | G45: 8 | H45: 9 | I45: 3 | J45: 10 | K45: 5 | L45: 4 | M45: 8 | N45: 9 | O45: 3 | P45: =SUM(M45:O45) -> 20 | Q45: 8 | R45: 9 | S45: 3 | T45: 10 | U45: 5 | V45: 4 | W45: 8 | X45: 9 | Y45: 3 | Z45: =SUM(W45:Y45) -> 20 | AA45: 0 | AB45: 65 | AC45: 0 | AD45: 0 | AE45: 0 | AF45: 2 | AG45: 18 | AH45: 1 | AI45: 1
D46: 428071 | E46: 1 | F46: 2 | Q46: 0 | R46: 0 | S46: 2 | T46: 0 | U46: 1 | V46: 2 | W46: 0 | X46: 1 | Y46: 2 | Z46: =SUM(W46:Y46) -> 3 | AA46: 0 | AB46: 15 | AC46: 1 | AD46: 1 | AE46: 1 | AF46: 2 | AG46: 18 | AH46: 1 | AI46: 1
D47: 435253 | E47: 2 | F47: 4 | G47: 4 | H47: 1 | I47: 7 | J47: 6 | K47: 0 | L47: 6 | M47: 6 | N47: 0 | O47: 6 | P47: =SUM(L47:N47) -> 12 | Q47: 4 | R47: 1 | S47: 7 | T47: 6 | U47: 0 | V47: 6 | W47: 6 | X47: 0 | Y47: 6 | Z47: =SUM(W47:Y47) -> 12 | AA47: 0 | AB47: 100 | AC47: 0 | AD47: 0 | AE47: 0 | AF47: 1 | AG47: 21 | AH47: 1 | AI47: 1
D48: 441477 | E48: 1 | F48: 2 | Q48: 0 | R48: 6 | S48: 0 | T48: 0 | U48: 5 | V48: 0 | W48: 0 | X48: 6 | Y48: 0 | Z48: =SUM(W48:Y48) -> 6 | AA48: 0 | AB48: 5 | AC48: 1 | AD48: 1 | AE48: 1 | AF48: 2 | AG48: 25 | AH48: 2 | AI48: 1
D49: 445369 | E49: 1 | F49: 3 | Q49: 5 | R49: 1 | S49: 2 | T49: 3 | U49: 3 | V49: 0 | W49: 5 | X49: 1 | Y49: 2 | Z49: =SUM(W49:Y49) -> 8 | AA49: 0 | AB49: 20 | AC49: 1 | AD49: 1 | AE49: 1 | AF49: 2 | AG49: 22 | AH49: 1 | AI49: 1
D50: 452604 | E50: 2 | F50: 2 | G50: 4 | H50: 7 | I50: 13 | J50: 6 | K50: 3 | L50: 8 | M50: 6 | N50: 3 | O50: 8 | P50: =SUM(M50:O50) -> 17 | Q50: 4 | R50: 7 | S50: 13 | T50: 6 | U50: 3 | V50: 8 | W50: 6 | X50: 3 | Y50: 8 | Z50: =SUM(W50:Y50) -> 17 | AA50: 0 | AB50: 100 | AC50: 0 | AD50: 0 | AE50: 0 | AF50: 1 | AG50: 20 | AH50: 1 | AI50: 1
D51: 469557 | E51: 1 | F51: 4 | Q51: 0 | R51: 3 | S51: 4 | T51: 1 | U51: 2 | V51: 3 | W51: 1 | X51: 2 | Y51: 3 | Z51: =SUM(W51:Y51) -> 6 | AA51: 0 | AB51: 70 | AC51: 1 | AD51: 1 | AE51: 1 | AF51: 2 | AG51: 21 | AH51: 1 | AI51: 1
D52: 476484 | E52: 1 | F52: 2 | Q52: 0 | R52: 4 | S52: 0 | T52: 0 | U52: 3 | V52: 0 | W52: 0 | X52: 3 | Y52: 0 | Z52: =SUM(W52:Y52) -> 3 | AA52: 0 | AB52: 15 | AC52: 1 | AD52: 1 | AE52: 1 | AF52: 2 | AG52: 22 | AH52: 2 | AI52: 1
D53: 481252 | E53: 2 | F53: 4 | G53: 7 | H53: 5 | I53: 17 | J53: 5 | K53: 1 | L53: 16 | M53: 5 | N53: 1 | O53: 16 | P53: =SUM(M53:O53) -> 22 | Q53: 7 | R53: 5 | S53: 17 | T53: 5 | U53: 1 | V53: 16 | W53: 5 | X53: 1 | Y53: 16 | Z53: =SUM(W53:Y53) -> 22 | AA53: 0 | AB53: 98 | AC53: 0 | AD53: 0 | AE53: 0 | AF53: 1 | AG53: 21 | AH53: 1 | AI53: 1
D54: 489998 | E54: 1 | F54: 3 | Q54: 2 | R54: 7 | S54: 3 | T54: 4 | U54: 2 | V54: 4 | W54: 4 | X54: 2 | Y54: 4 | Z54: =SUM(W54:Y54) -> 10 | AA54: 10 | AB54: 50 | AC54: 1 | AD54: 1 | AE54: 1 | AF54: 2 | AG54: 22 | AH54: 2 | AI54: 1
D55: 490339 | E55: 1 | F55: 3 | Q55: 2 | R55: 2 | S55: 2 | T55: 3 | U55: 3 | V55: 0 | W55: 2 | X55: 2 | Y55: 2 | Z55: =SUM(W55:Y55) -> 6 | AA55: 0 | AB55: 20 | AC55: 1 | AD55: 1 | AE55: 1 | AF55: 2 | AG55: 22 | AH55: 2 | AI55: 1
D56: 491278 | E56: 1 | F56: 3 | Q56: 2 | R56: 0 | S56: 1 | T56: 0 | U56: 0 | V56: 1 | W56: 2 | X56: 0 | Y56: 1 | Z56: =SUM(W56:Y56) -> 3 | AA56: 30 | AB56: 40 | AC56: 1 | AD56: 1 | AE56: 1 | AF56: 2 | AG56: 21 | AH56: 1 | AI56: 1
D57: 494867 | E57: 1 | F57: 1 | Q57: 0 | R57: 40 | S57: 0 | T57: 0 | U57: 35 | V57: 0 | W57: 0 | X57: 40 | Y57: 0 | Z57: =SUM(W57:Y57) -> 40 | AA57: 0 | AB57: 100 | AC57: 1 | AD57: 1 | AE57: 1 | AF57: 2 | AG57: 20 | AH57: 1 | AI57: 1
D58: 495372 | E58: 1 | F58: 1 | Q58: 2 | R58: 1 | S58: 1 | T58: 2 | U58: 3 | V58: 0 | W58: 2 | X58: 3 | Y58: 0 | Z58: =SUM(W58:Y58) -> 5 | AA58: 0 | AB58: 60 | AC58: 1 | AD58: 1 | AE58: 1 | AF58: 2 | AG58: 20 | AH58: 1 | AI58: 1
D59: 496998 | E59: 2 | F59: 3 | G59: 10 | H59: 0 | I59: 85 | J59: 6 | K59: 0 | L59: 80 | M59: 10 | N59: 0 | O59: 85 | P59: =SUM(M59:O59) -> 95 | Q59: 10 | R59: 0 | S59: 85 | T59: 6 | U59: 0 | V59: 80 | W59: 10 | X59: 0 | Y59: 85 | Z59: =SUM(W59:Y59) -> 95 | AA59: 10 | AB59: 95 | AC59: 0 | AD59: 0 | AE59: 0 | AF59: 1 | AG59: 23 | AH59: 2 | AI59: 1
D60: 526851 | E60: 2 | F60: 1 | G60: 0 | H60: 9 | I60: 2 | J60: 0 | K60: 9 | L60: 1 | M60: 0 | N60: 9 | O60: 1 | P60: =SUM(M60:O60) -> 10 | Q60: 0 | R60: 9 | S60: 2 | T60: 0 | U60: 9 | V60: 1 | W60: 0 | X60: 9 | Y60: 1 | Z60: =SUM(W60:Y60) -> 10 | AA60: 0 | AB60: 60 | AC60: 0 | AD60: 0 | AE60: 0 | AF60: 1 | AG60: 20 | AH60: 1 | AI60: 1
D61: 532805 | E61: 1 | F61: 3 | Q61: 0 | R61: 8 | S61: 1 | T61: 0 | U61: 6 | V61: 0 | W61: 0 | X61: 6 | Y61: 0 | Z61: =SUM(W61:Y61) -> 6 | AA61: 10 | AB61: 5 | AC61: 1 | AD61: 1 | AE61: 1 | AF61: 2 | AG61: 21 | AH61: 2 | AI61: 1
D62: 535423 | E62: 1 | F62: 4 | Q62: 0 | R62: 4 | S62: 0 | T62: 0 | U62: 3 | V62: 0 | W62: 0 | X62: 4 | Y62: 0 | Z62: =SUM(W62:Y62) -> 4 | AA62: 0 | AB62: 5 | AC62: 1 | AD62: 1 | AE62: 1 | AF62: 2 | AG62: 25 | AH62: 2 | AI62: 1
D63: 541177 | E63: 2 | F63: 2 | G63: 4 | H63: 10 | I63: 20 | J63: 6 | K63: 5 | L63: 15 | M63: 4 | N63: 10 | O63: 20 | P63: =SUM(M63:O63) -> 34 | Q63: 4 | R63: 10 | S63: 20 | T63: 6 | U63: 5 | V63: 15 | W63: 4 | X63: 10 | Y63: 20 | Z63: =SUM(W63:Y63) -> 34 | AA63: 0 | AB63: 70 | AC63: 0 | AD63: 0 | AE63: 0 | AF63: 2 | AG63: 21 | AH63: 2 | AI63: 1
D64: 542791 | E64: 2 | F64: 4 | G64: 1 | H64: 2 | I64: 1 | J64: 1 | K64: 6 | L64: 1 | M64: 1 | N64: 6 | O64: 1 | P64: =SUM(M64:O64) -> 8 | Q64: 1 | R64: 2 | S64: 1 | T64: 1 | U64: 6 | V64: 1 | W64: 1 | X64: 6 | Y64: 1 | Z64: =SUM(W64:Y64) -> 8 | AA64: 0 | AB64: 5 | AC64: 0 | AD64: 0 | AE64: 0 | AF64: 1 | AG64: 20 | AH64: 1 | AI64: 1
D65: 543100 | E65: 1 | F65: 2 | Q65: 0 | R65: 4 | S65: 0 | T65: 0 | U65: 5 | V65: 0 | W65: 0 | X65: 5 | Y65: 0 | Z65: =SUM(W65:Y65) -> 5 | AA65: 0 | AB65: 20 | AC65: 1 | AD65: 1 | AE65: 1 | AF65: 2 | AG65: 22 | AH65: 2 | AI65: 1
D66: 547114 | E66: 2 | F66: 3 | G66: 14 | H66: 0 | I66: 16 | J66: 12 | K66: 2 | L66: 12 | M66: 14 | N66: 0 | O66: 16 | P66: =SUM(M66:O66) -> 30 | Q66: 14 | R66: 0 | S66: 16 | T66: 12 | U66: 2 | V66: 12 | W66: 14 | X66: 0 | Y66: 16 | Z66: =SUM(W66:Y66) -> 30 | AA66: 20 | AB66: 90 | AC66: 0 | AD66: 0 | AE66: 0 | AF66: 1 | AG66: 21 | AH66: 1 | AI66: 1
D67: 557171 | E67: 2 | F67: 4 | G67: 7 | H67: 30 | I67: 15 | J67: 10 | K67: 28 | L67: 12 | M67: 7 | N67: 30 | O67: 15 | P67: =SUM(M67:O67) -> 52 | Q67: 7 | R67: 30 | S67: 15 | T67: 10 | U67: 28 | V67: 12 | W67: 7 | X67: 30 | Y67: 15 | Z67: =SUM(W67:Y67) -> 52 | AA67: 0 | AB67: 80 | AC67: 0 | AD67: 0 | AE67: 0 | AF67: 1 | AG67: 22 | AH67: 1 | AI67: 1
D68: 557703 | E68: 1 | F68: 3 | Q68: 0 | R68: 2 | S68: 0 | T68: 0 | U68: 2 | V68: 0 | W68: 0 | X68: 2 | Y68: 0 | Z68: =SUM(W68:Y68) -> 2 | AA68: 25 | AB68: 0 | AC68: 1 | AD68: 0 | AE68: 0 | AF68: 2 | AG68: 18 | AH68: 1 | AI68: 1
D69: 587625 | E69: 2 | F69: 4 | G69: 5 | H69: 1 | I69: 12 | J69: 8 | K69: 5 | L69: 7 | M69: 5 | N69: 1 | O69: 12 | P69: =SUM(M69:O69) -> 18 | Q69: 5 | R69: 1 | S69: 12 | T69: 8 | U69: 5 | V69: 7 | W69: 5 | X69: 1 | Y69: 12 | Z69: =SUM(W69:Y69) -> 18 | AA69: 0 | AB69: 65 | AC69: 0 | AD69: 0 | AE69: 0 | AF69: 1 | AG69: 20 | AH69: 1 | AI69: 1
D70: 594345 | E70: 2 | F70: 1 | G70: 0 | H70: 12 | I70: 0 | J70: 0 | K70: 8 | L70: 0 | M70: 0 | N70: 8 | O70: 0 | P70: =SUM(M70:O70) -> 8 | Q70: 0 | R70: 12 | S70: 0 | T70: 0 | U70: 8 | V70: 0 | W70: 0 | X70: 8 | Y70: 0 | Z70: =SUM(W70:Y70) -> 8 | AA70: 0 | AB70: 40 | AC70: 0 | AD70: 0 | AE70: 0 | AF70: 2 | AG70: 20 | AH70: 1 | AI70: 1
D71: 599127 | E71: 1 | F71: 4 | Q71: 0 | R71: 3 | S71: 2 | T71: 1 | U71: 3 | V71: 1 | W71: 1 | X71: 3 | Y71: 1 | Z71: =SUM(W71:Y71) -> 5 | AA71: 0 | AB71: 15 | AC71: 1 | AD71: 1 | AE71: 1 | AF71: 2 | AG71: 24 | AH71: 2 | AI71: 1
D72: 605412 | E72: 2 | F72: 1 | G72: 6 | H72: 0 | I72: 2 | J72: 8 | K72: 0 | L72: 0 | M72: 6 | N72: 0 | O72: 2 | P72: =SUM(M72:O72) -> 8 | Q72: 6 | R72: 0 | S72: 2 | T72: 8 | U72: 0 | V72: 0 | W72: 6 | X72: 0 | Y72: 2 | Z72: =SUM(W72:Y72) -> 8 | AA72: 0 | AB72: 60 | AC72: 0 | AD72: 0 | AE72: 0 | AF72: 1 | AG72: 22 | AH72: 1 | AI72: 1
D73: 608930 | E73: 1 | F73: 1 | Q73: 0 | R73: 7 | S73: 1 | T73: 1 | U73: 3 | V73: 0 | W73: 0 | X73: 7 | Y73: 1 | Z73: =SUM(W73:Y73) -> 8 | AA73: 0 | AB73: 15 | AC73: 1 | AD73: 1 | AE73: 1 | AF73: 2 | AG73: 22 | AH73: 2 | AI73: 1
D74: 609217 | E74: 1 | F74: 1 | Q74: 0 | R74: 0 | S74: 0 | T74: 0 | U74: 0 | V74: 0 | W74: 0 | X74: 0 | Y74: 0 | Z74: =SUM(W74:Y74) -> 0 | AA74: 0 | AB74: 8 | AC74: 0 | AD74: 0 | AE74: 0 | AF74: 2 | AG74: 21 | AH74: 2 | AI74: 1
D75: 610784 | E75: 2 | F75: 3 | G75: 15 | H75: 14 | I75: 12 | J75: 10 | K75: 17 | L75: 7 | M75: 15 | N75: 14 | O75: 12 | P75: =SUM(M75:O75) -> 41 | Q75: 15 | R75: 14 | S75: 12 | T75: 10 | U75: 17 | V75: 7 | W75: 15 | X75: 14 | Y75: 12 | Z75: =SUM(W75:Y75) -> 41 | AA75: 0 | AB75: 80 | AC75: 0 | AD75: 0 | AE75: 0 | AF75: 1 | AG75: 20 | AH75: 2 | AI75: 1
D76: 623053 | E76: 1 | F76: 3 | Q76: 1 | R76: 2 | S76: 1 | T76: 2 | U76: 1 | V76: 0 | W76: 1 | X76: 2 | Y76: 1 | Z76: =SUM(W76:Y76) -> 4 | AA76: 0 | AB76: 20 | AC76: 1 | AD76: 1 | AE76: 1 | AF76: 2 | AG76: 20 | AH76: 1 | AI76: 1
D77: 633302 | E77: 2 | F77: 1 | G77: 0 | H77: 9 | I77: 0 | J77: 0 | K77: 6 | L77: 0 | M77: 0 | N77: 6 | O77: 0 | P77: =SUM(M77:O77) -> 6 | Q77: 0 | R77: 9 | S77: 0 | T77: 0 | U77: 6 | V77: 0 | W77: 0 | X77: 6 | Y77: 0 | Z77: =SUM(W77:Y77) -> 6 | AA77: 0 | AB77: 30 | AC77: 1 | AD77: 1 | AE77: 1 | AF77: 1 | AG77: 19 | AH77: 1 | AI77: 1
D78: 639735 | E78: 2 | F78: 3 | G78: 18 | H78: 7 | I78: 10 | J78: 16 | K78: 8 | L78: 10 | M78: 18 | N78: 7 | O78: 10 | P78: =SUM(M78:O78) -> 35 | Q78: 18 | R78: 7 | S78: 10 | T78: 16 | U78: 8 | V78: 10 | W78: 18 | X78: 7 | Y78: 10 | Z78: =SUM(W78:Y78) -> 35 | AA78: 0 | AB78: 85 | AC78: 0 | AD78: 0 | AE78: 0 | AF78: 1 | AG78: 19 | AH78: 1 | AI78: 1
D79: 645442 | E79: 1 | F79: 2 | Q79: 1 | R79: 0 | S79: 2 | T79: 1 | U79: 0 | V79: 2 | W79: 1 | X79: 0 | Y79: 2 | Z79: =SUM(W79:Y79) -> 3 | AA79: 0 | AB79: 20 | AC79: 1 | AD79: 1 | AE79: 0 | AF79: 2 | AG79: 23 | AH79: 2 | AI79: 1
D80: 653675 | E80: 1 | F80: 2 | Q80: 1 | R80: 2 | S80: 2 | T80: 2 | U80: 0 | V80: 1 | W80: 2 | X80: 0 | Y80: 1 | Z80: =SUM(W80:Y80) -> 3 | AA80: 0 | AB80: 30 | AC80: 1 | AD80: 1 | AE80: 1 | AF80: 2 | AG80: 20 | AH80: 1 | AI80: 1
D81: 665958 | E81: 2 | F81: 1 | G81: 10 | H81: 2 | I81: 8 | J81: 11 | K81: 0 | L81: 3 | M81: 10 | N81: 2 | O81: 8 | P81: =SUM(M81:O81) -> 20 | Q81: 10 | R81: 2 | S81: 8 | T81: 11 | U81: 0 | V81: 3 | W81: 10 | X81: 2 | Y81: 8 | Z81: =SUM(W81:Y81) -> 20 | AA81: 0 | AB81: 80 | AC81: 0 | AD81: 0 | AE81: 0 | AF81: 1 | AG81: 18 | AH81: 3 | AI81: 1
D82: 670992 | E82: 1 | F82: 1 | Q82: 1 | R82: 6 | S82: 2 | T82: 2 | U82: 1 | V82: 0 | W82: 1 | X82: 6 | Y82: 2 | Z82: =SUM(W82:Y82) -> 9 | AA82: 0 | AB82: 10 | AC82: 1 | AD82: 1 | AE82: 1 | AF82: 2 | AG82: 19 | AH82: 1 | AI82: 1
D83: 702138 | E83: 2 | F83: 1 | G83: 6 | H83: 6 | I83: 6 | J83: 6 | K83: 1 | L83: 6 | M83: 6 | N83: 1 | O83: 6 | P83: =SUM(M83:O83) -> 13 | Q83: 6 | R83: 6 | S83: 6 | T83: 6 | U83: 1 | V83: 6 | W83: 6 | X83: 1 | Y83: 6 | Z83: =SUM(W83:Y83) -> 13 | AA83: 0 | AB83: 40 | AC83: 0 | AD83: 0 | AE83: 0 | AF83: 1 | AG83: 20 | AH83: 1 | AI83: 1
D84: 720290 | E84: 2 | F84: 4 | G84: 5 | H84: 1 | I84: 27 | J84: 3 | K84: 1 | L84: 28 | M84: 5 | N84: 1 | O84: 27 | P84: =SUM(M84:O84) -> 33 | Q84: 5 | R84: 1 | S84: 27 | T84: 3 | U84: 1 | V84: 28 | W84: 5 | X84: 1 | Y84: 27 | Z84: =SUM(W84:Y84) -> 33 | AA84: 0 | AB84: 100 | AC84: 0 | AD84: 0 | AE84: 0 | AF84: 1 | AG84: 20 | AH84: 1 | AI84: 1
D85: 726223 | E85: 1 | F85: 2 | Q85: 0 | R85: 4 | S85: 0 | T85: 0 | U85: 2 | V85: 0 | W85: 0 | X85: 2 | Y85: 0 | Z85: =SUM(W85:Y85) -> 2 | AA85: 0 | AB85: 30 | AC85: 1 | AD85: 1 | AE85: 1 | AF85: 2 | AG85: 22 | AH85: 2 | AI85: 1
D86: 736700 | E86: 2 | F86: 2 | G86: 11 | H86: 7 | I86: 17 | J86: 11 | K86: 6 | L86: 17 | M86: 11 | N86: 7 | O86: 17 | P86: =SUM(M86:O86) -> 35 | Q86: 11 | R86: 7 | S86: 17 | T86: 11 | U86: 6 | V86: 17 | W86: 11 | X86: 7 | Y86: 17 | Z86: =SUM(W86:Y86) -> 35 | AA86: 0 | AB86: 85 | AC86: 0 | AD86: 0 | AE86: 0 | AF86: 1 | AG86: 23 | AH86: 2 | AI86: 1
D87: 741394 | E87: 1 | F87: 3 | Q87: 0 | R87: 5 | S87: 2 | T87: 2 | U87: 2 | V87: 0 | W87: 2 | X87: 2 | Y87: 0 | Z87: =SUM(W87:Y87) -> 4 | AA87: 18 | AB87: 80 | AC87: 1 | AD87: 1 | AE87: 1 | AF87: 2 | AG87: 21 | AH87: 1 | AI87: 1
D88: 741553 | E88: 1 | F88: 3 | Q88: 0 | R88: 5 | S88: 4 | T88: 1 | U88: 5 | V88: 4 | W88: 1 | X88: 5 | Y88: 4 | Z88: =SUM(W88:Y88) -> 10 | AA88: 0 | AB88: 60 | AC88: 1 | AD88: 1 | AE88: 1 | AF88: 2 | AG88: 21 | AH88: 1 | AI88: 1
D89: 747659 | E89: 2 | F89: 2 | G89: 0 | H89: 3 | I89: 9 | J89: 2 | K89: 4 | L89: 8 | M89: 2 | N89: 4 | O89: 8 | P89: =SUM(M89:O89) -> 14 | Q89: 0 | R89: 3 | S89: 9 | T89: 2 | U89: 4 | V89: 8 | W89: 2 | X89: 4 | Y89: 8 | Z89: =SUM(W89:Y89) -> 14 | AA89: 0 | AB89: 35 | AC89: 0 | AD89: 0 | AE89: 0 | AF89: 1 | AG89: 21 | AH89: 1 | AI89: 1
D90: 748197 | E90: 1 | F90: 4 | Q90: 0 | R90: 6 | S90: 1 | T90: 0 | U90: 6 | V90: 1 | W90: 0 | X90: 6 | Y90: 1 | Z90: =SUM(W90:Y90) -> 7 | AA90: 5 | AB90: 70 | AC90: 1 | AD90: 1 | AE90: 1 | AF90: 2 | AG90: 21 | AH90: 1 | AI90: 1
D91: 760106 | E91: 1 | F91: 1 | Q91: 0 | R91: 1 | S91: 1 | T91: 0 | U91: 1 | V91: 1 | W91: 0 | X91: 1 | Y91: 1 | Z91: =SUM(W91:Y91) -> 2 | AA91: 0 | AB91: 5 | AC91: 1 | AD91: 1 | AE91: 1 | AF91: 2 | AG91: 19 | AH91: 1 | AI91: 1
D92: 768110 | E92: 2 | F92: 1 | G92: 1 | H92: 16 | I92: 18 | J92: 1 | K92: 13 | L92: 20 | M92: 1 | N92: 16 | O92: 18 | P92: =SUM(M92:O92) -> 35 | Q92: 1 | R92: 16 | S92: 18 | T92: 1 | U92: 13 | V92: 20 | W92: 1 | X92: 16 | Y92: 18 | Z92: =SUM(W92:Y92) -> 35 | AA92: 0 | AB92: 65 | AC92: 0 | AD92: 0 | AE92: 0 | AF92: 1 | AG92: 20 | AH92: 1 | AI92: 1
D93: 771088 | E93: 1 | F93: 2 | Q93: 0 | R93: 2 | S93: 0 | T93: 0 | U93: 3 | V93: 0 | W93: 0 | X93: 3 | Y93: 0 | Z93: =SUM(W93:Y93) -> 3 | AA93: 0 | AB93: 30 | AC93: 1 | AD93: 1 | AE93: 1 | AF93: 2 | AG93: 20 | AH93: 1 | AI93: 1
D94: 773742 | E94: 2 | F94: 2 | G94: 0 | H94: 3 | I94: 6 | J94: 0 | K94: 2 | L94: 6 | M94: 0 | N94: 2 | O94: 6 | P94: =SUM(M94:O94) -> 8 | Q94: 0 | R94: 3 | S94: 6 | T94: 0 | U94: 2 | V94: 6 | W94: 0 | X94: 2 | Y94: 6 | Z94: =SUM(W94:Y94) -> 8 | AA94: 0 | AB94: 40 | AC94: 1 | AD94: 1 | AE94: 1 | AF94: 1 | AG94: 20 | AH94: 1 | AI94: 1
D95: 784958 | E95: 2 | F95: 3 | G95: 11 | H95: 8 | I95: 61 | J95: 7 | K95: 3 | L95: 56 | M95: 11 | N95: 8 | O95: 61 | P95: =SUM(M95:O95) -> 80 | Q95: 11 | R95: 8 | S95: 61 | T95: 7 | U95: 3 | V95: 56 | W95: 11 | X95: 8 | Y95: 61 | Z95: =SUM(W95:Y95) -> 80 | AA95: 0 | AB95: 90 | AC95: 0 | AD95: 0 | AE95: 0 | AF95: 1 | AG95: 22 | AH95: 1 | AI95: 1
D96: 792507 | E96: 2 | F96: 4 | G96: 1 | H96: 4 | I96: 11 | J96: 1 | K96: 1 | L96: 13 | M96: 1 | N96: 1 | O96: 13 | P96: =SUM(M96:O96) -> 15 | Q96: 1 | R96: 4 | S96: 11 | T96: 1 | U96: 1 | V96: 13 | W96: 1 | X96: 1 | Y96: 13 | Z96: =SUM(W96:Y96) -> 15 | AA96: 0 | AB96: 100 | AC96: 0 | AD96: 0 | AE96: 0 | AF96: 1 | AG96: 20 | AH96: 1 | AI96: 1
D97: 793439 | E97: 2 | F97: 2 | G97: 32 | H97: 3 | I97: 2 | J97: 28 | K97: 3 | L97: 0 | M97: 32 | N97: 3 | O97: 2 | P97: =SUM(M97:O97) -> 37 | Q97: 32 | R97: 3 | S97: 2 | T97: 28 | U97: 3 | V97: 0 | W97: 32 | X97: 3 | Y97: 2 | Z97: =SUM(W97:Y97) -> 37 | AA97: 0 | AB97: 90 | AC97: 0 | AD97: 0 | AE97: 0 | AF97: 1 | AG97: 21 | AH97: 1 | AI97: 1
D98: 798936 | E98: 2 | F98: 3 | G98: 20 | H98: 9 | I98: 44 | J98: 18 | K98: 11 | L98: 40 | M98: 18 | N98: 11 | O98: 40 | P98: =SUM(M98:O98) -> 69 | Q98: 20 | R98: 9 | S98: 44 | T98: 18 | U98: 11 | V98: 40 | W98: 18 | X98: 11 | Y98: 40 | Z98: =SUM(W98:Y98) -> 69 | AA98: 10 | AB98: 95 | AC98: 0 | AD98: 0 | AE98: 0 | AF98: 1 | AG98: 22 | AH98: 1 | AI98: 1
D99: 801742 | E99: 2 | F99: 2 | G99: 0 | H99: 12 | I99: 2 | J99: 2 | K99: 10 | L99: 2 | M99: 2 | N99: 10 | O99: 2 | P99: =SUM(M99:O99) -> 14 | Q99: 0 | R99: 12 | S99: 2 | T99: 2 | U99: 10 | V99: 2 | W99: 2 | X99: 10 | Y99: 2 | Z99: =SUM(W99:Y99) -> 14 | AA99: 0 | AB99: 80 | AC99: 0 | AD99: 0 | AE99: 0 | AF99: 1 | AG99: 20 | AH99: 1 | AI99: 1
D100: 805385 | E100: 2 | F100: 1 | G100: 10 | H100: 1 | I100: 4 | J100: 8 | K100: 1 | L100: 3 | M100: 10 | N100: 1 | O100: 4 | P100: =SUM(M100:O100) -> 15 | Q100: 10 | R100: 1 | S100: 4 | T100: 8 | U100: 1 | V100: 3 | W100: 10 | X100: 1 | Y100: 4 | Z100: =SUM(W100:Y100) -> 15 | AA100: 0 | AB100: 50 | AC100: 0 | AD100: 0 | AE100: 0 | AF100: 1 | AG100: 21 | AH100: 1 | AI100: 1
...

Sheet summarystats
A1: Correct responses
B2: Concentration | C2: Suppression
A3: High time pressure | B3: =AVERAGEIF('Meilan (before resolving)'!$E$2:$E$11, "Concentration", 'Meilan (before resolving)'!#REF!) -> #REF! | C3: =AVERAGEIF('Meilan (before resolving)'!$E$2:$E$11, "Suppression", 'Meilan (before resolving)'!#REF!) -> #REF!
A4: Low time pressure | B4: =AVERAGEIF('Meilan (before resolving)'!$E$2:$E$11, "Concentration", 'Meilan (before resolving)'!#REF!) -> #REF! | C4: =AVERAGEIF('Meilan (before resolving)'!$E$2:$E$11, "Suppression", 'Meilan (before resolving)'!#REF!) -> #REF!
A6: RT responses
B7: Concentration | C7: Suppression
A8: High time pressure | B8: =AVERAGEIF('Meilan (before resolving)'!$E$2:$E$11, "Concentration", 'Meilan (before resolving)'!#REF!) -> #REF! | C8: =AVERAGEIF('Meilan (before resolving)'!$E$2:$E$11, "Suppression", 'Meilan (before resolving)'!#REF!) -> #REF!
A9: Low time pressure | B9: =AVERAGEIF('Meilan (before resolving)'!$E$2:$E$11, "Concentration", 'Meilan (before resolving)'!#REF!) -> #REF! | C9: =AVERAGEIF('Meilan (before resolving)'!$E$2:$E$11, "Suppression", 'Meilan (before resolving)'!#REF!) -> #REF!
